Id_cliente,fecha_efectiva,Id_tx
136,20210303,6869
116,20201129,4355
119,20200929,5416
121,20210222,3249
152,20200930,2774
109,20201203,3469
108,20210305,8161
102,20201001,4317
133,20201011,7667
131,20201205,9637
116,20210305,4966
132,20210127,4581
117,20200915,5013
115,20210304,4476
115,20210306,4016
130,20210305,9264
135,20201114,7328
139,20210129,8476
116,20210209,3175
116,20210305,5777
107,20200930,6918
119,20210306,7905
118,20210106,6806
130,20210302,9227
119,20201206,6548
132,20201208,2970
136,20201216,7358
138,20201013,4342
105,20201011,4749
138,20201014,3059
121,20201106,4733
143,20201003,5125
115,20201002,6965
136,20201210,4772
144,20210213,9030
110,20200906,9110
113,20210105,8039
130,20201211,5489
130,20201030,6441
133,20201105,4511
135,20201015,6166
129,20200930,8705
143,20201212,7381
128,20201004,8475
119,20201216,8137
127,20201212,9709
139,20201125,7213
127,20210308,3946
129,20210308,7385
119,20201020,3713
125,20210107,6058
128,20201005,9542
133,20201016,6657
125,20201030,8832
129,20201213,7555
113,20201215,9478
131,20201005,9451
140,20210201,5308
136,20210202,9758
132,20201104,5021
125,20201211,5305
131,20200904,2491
108,20200917,5787
137,20201211,3657
127,20210130,3836
141,20210221,6526
129,20201017,6207
124,20201002,7748
135,20201218,9696
150,20201010,7879
112,20210225,5938
122,20201011,3832
136,20201011,4766
135,20201121,4148
111,20201217,3512
114,20201004,3579
126,20210129,6862
139,20200913,3403
126,20201013,7118
120,20201129,7024
154,20201227,7920
115,20210129,7871
122,20201013,3096
132,20201015,9007
127,20210223,5603
129,20210204,8802
132,20201219,7061
146,20201030,8667
114,20200916,9628
129,20201219,7658
120,20201220,4957
134,20201215,5434
108,20200910,5756
127,20201220,7065
133,20210108,8807
141,20210222,7317
117,20201221,9333
121,20201017,8711
115,20201203,9643
122,20210127,5938
115,20201222,6456
132,20210224,2979
114,20210206,4508
121,20210228,7413
119,20200910,4588
116,20200901,5017
112,20201213,3223
128,20210205,9611
116,20210225,5247
127,20201227,3693
125,20201223,6736
119,20201222,6956
132,20201223,4439
140,20210217,8566
97,20201224,3588
136,20201016,4783
133,20200911,5206
140,20201227,5162
109,20201024,5684
122,20201102,6207
112,20201224,9478
110,20200923,3888
120,20201228,8144
117,20201103,4170
119,20201212,3999
122,20200916,7026
94,20201215,5543
112,20201211,8182
134,20210106,9321
123,20210128,4685
116,20200918,6484
133,20201009,2749
133,20210128,3365
122,20210227,3002
129,20201230,5814
143,20210202,9729
129,20201112,6609
115,20201129,7382
121,20200916,8870
130,20201015,4513
117,20210217,9685
128,20200921,4733
130,20210225,4741
130,20201021,7218
136,20201213,7036
124,20210206,7834
126,20210130,6836
112,20210106,4243
125,20210131,8603
117,20201121,2755
132,20210111,6269
112,20210112,4853
142,20210131,3514
119,20201031,5273
125,20210129,8886
120,20210203,3376
109,20200907,3207
139,20201221,6867
114,20201124,8292
123,20210225,5278
123,20201204,6886
119,20201205,9403
165,20201201,3562
112,20201001,7206
132,20201111,9619
108,20201112,8022
124,20201022,4162
140,20210202,7189
115,20201218,3941
131,20201230,7117
118,20201105,6688
124,20200923,5136
131,20201225,9729
141,20201212,6902
113,20201023,3563
109,20201023,8939
116,20201124,9558
139,20201019,5254
120,20201212,3617
109,20201206,4955
113,20201231,8145
145,20201104,6788
131,20210106,7830
118,20210108,3212
115,20201122,5680
116,20201204,6398
125,20201205,7355
125,20210105,8878
124,20201022,3147
112,20210228,6927
119,20201220,4858
118,20201110,5794
127,20200901,4823
115,20201205,7625
104,20200923,3699
122,20200921,7886
128,20201015,7991
111,20210225,6120
145,20210202,5530
134,20210208,3782
116,20201007,3467
125,20200923,5375
106,20201117,2993
130,20201207,4983
124,20201211,4220
119,20201211,8420
142,20210208,4553
130,20201008,2800
128,20210226,5709
101,20201122,4271
122,20210113,4832
120,20201028,2859
125,20210113,3292
127,20201213,9780
119,20210128,3523
128,20210123,8871
114,20200928,5834
123,20210115,6321
125,20210113,3958
120,20210129,4224
118,20210129,7781
131,20210225,9455
128,20201211,6316
158,20210130,7454
130,20201015,5669
125,20201109,4712
118,20201231,9465
112,20210226,7592
118,20201228,3891
131,20201212,2789
126,20210127,2648
130,20201216,9746
125,20210227,8831
114,20210104,9453
130,20200903,7983
130,20210131,8187
109,20201028,9469
124,20201216,9400
131,20201216,4430
144,20210119,9642
133,20201130,6129
151,20201123,6059
127,20201024,3405
141,20201017,3045
140,20201017,7281
142,20210104,3205
137,20200930,3551
111,20210129,4415
140,20210206,4509
102,20201013,3348
141,20210113,9777
145,20201222,2895
115,20201018,8342
141,20210103,3123
114,20201207,6668
124,20200928,3588
125,20210304,4953
127,20210211,4470
120,20210125,4971
132,20201002,5841
128,20201112,4603
132,20201105,8456
142,20201104,4306
117,20210122,7592
125,20201230,3651
133,20201021,7885
126,20200923,4792
126,20201105,7719
124,20201017,7093
115,20201223,8597
121,20201101,3749
115,20201101,5562
125,20210110,4179
129,20210116,8239
140,20201014,2667
105,20210210,4650
125,20210209,4208
154,20201122,9787
123,20201026,3238
125,20201111,3572
123,20200927,8233
114,20201222,6890
119,20201027,7714
125,20201027,6126
123,20201027,3148
121,20201028,7672
107,20201109,2850
119,20200927,3549
135,20201015,6214
123,20210129,3922
113,,9858
121,20210211,6871
107,20201101,4411
115,20201029,3758
132,20210111,4329
141,20201128,2739
133,20210128,9474
134,20201103,5839
144,20201031,7113
131,20201109,2534
124,20201109,5827
139,20210225,4713
122,20210118,5093
137,20201104,7909
113,20200926,6110
135,20201102,2523
127,20201105,2544
118,20210301,3106
117,20210212,3449
127,20201223,4213
110,20210119,4780
138,20201108,3279
131,20201109,2793
136,20201109,3823
113,20201117,7521
122,20210212,3348
123,20201205,4541
115,20201128,4258
125,20200928,4190
136,20201226,2638
125,20200910,3266
119,20200925,3929
125,20201116,9663
118,20201013,5282
131,20201110,4660
128,20201129,6512
132,20201009,5217
108,20201116,9424
132,20200917,6778
112,20201016,5841
121,20201109,8046
120,20201205,6634
133,20201206,6182
135,20200926,5000
139,20210207,2478
147,20201129,6667
112,20201019,3527
119,20201111,3023
146,20201104,3066
119,20200930,3663
123,20201212,5106
113,20201021,4044
119,20201117,8058
131,20201021,9100
117,20201124,6404
149,20201216,4198
119,20201002,7513
105,20210126,3326
135,20201214,7868
130,20210302,5006
130,20201226,9236
124,20201014,8654
135,20201212,3950
119,20210225,6406
114,20201021,5179
130,20201019,3357
133,20200928,8448
123,20201014,9615
132,20201030,7235
137,20201206,9286
120,20201025,5775
113,20201109,9498
143,20200924,9363
152,20210203,5851
143,20201210,5077
129,20201028,5855
128,20201028,7482
137,20201016,4607
126,20200925,9433
120,20200903,8403
141,20201230,6456
139,20201030,8609
123,20210124,8951
112,20210122,6312
107,20210122,2841
116,20201031,9738
141,20210118,6953
115,20201021,9212
145,20201228,9252
132,20201114,6071
133,20201102,4663
137,20201006,3145
133,20201006,9360
100,20201130,4843
124,20201016,5994
123,20201109,8269
128,20201130,7243
128,20210124,6988
133,20201218,6738
126,20201027,7481
114,20210117,3383
129,20201230,8742
120,20210207,3179
116,20210213,9090
123,20201127,5538
142,20201128,8013
119,20201028,7228
139,20210126,6071
134,20201121,9761
117,20201107,3537
121,20201015,3156
100,20201201,9732
125,20201213,8148
128,20210228,5175
121,20201106,8088
119,20201129,3146
141,20210126,6690
118,20210215,4571
136,20210201,4535
123,20201116,2912
139,20201115,6972
126,20201203,4249
132,20201018,7633
113,20210214,2506
147,20210115,7036
147,20210114,4068
132,20210207,8818
123,20201209,8056
128,20201230,7742
111,20201209,8838
132,20210221,3962
120,20201005,8256
137,20201025,6482
130,20201128,3082
135,20210225,5446
116,20200911,4935
127,20200930,3470
126,20201122,8954
115,20201210,5009
142,20210301,4843
140,20210223,6293
144,20201224,8278
142,20201201,3249
94,20210213,3772
134,20210128,4477
104,20201001,6560
120,20201223,9081
135,20201206,7248
132,20201109,9248
120,20200903,8635
118,20210102,3917
134,20201127,5818
120,20201013,4484
130,20201120,7429
111,20201023,4144
126,20200920,9737
135,20201212,3755
124,20210117,4391
113,20210215,8641
144,20201016,3015
132,20200918,6981
144,20210228,6330
137,20201018,8875
111,20210105,2491
108,20200930,3707
127,20201227,6357
119,20210223,2825
151,20201027,8523
128,20210213,2972
153,20201201,4457
127,20200918,3700
121,20201120,3527
133,20201230,4921
129,20210221,8335
136,20201004,3621
122,20210218,6285
136,20200923,8033
141,20201231,8519
127,20200923,2905
126,20201019,4851
125,20201214,5787
136,20201031,9178
122,20201015,7828
116,20201007,3333
106,20201209,7877
114,20210207,4647
140,20200915,6518
125,20201029,5083
129,20201118,6699
110,20210104,6576
126,20201023,3007
133,20201203,3770
141,20201130,6473
134,20201205,2631
143,20201207,5323
114,20210106,5652
127,20200915,7239
120,20200908,8101
112,20210123,3241
121,20210106,9111
116,20201104,3204
122,20201025,8521
144,20210131,8487
130,20210122,7076
124,20201121,5483
118,20201202,6141
113,20201021,7444
129,20210113,5974
117,20210215,8678
111,20200930,3511
151,20210213,9519
131,20200904,9334
116,20201120,9313
115,20200930,6277
128,20201121,2514
128,20201212,6444
138,20200923,3549
133,20200908,4108
131,20201123,9013
105,20201126,9256
141,20201111,4882
119,20201122,4610
114,20201120,5018
117,20210110,4635
133,20201011,5000
120,20200929,8859
133,20201106,8185
138,20201231,6791
118,20210104,6286
121,20201030,7529
126,20210129,5245
119,20210125,4430
123,20210224,5084
126,20201215,3297
126,20201006,4883
129,20201128,7859
111,20201016,3214
123,20200911,2871
129,20200907,8550
110,20201103,9093
128,20201101,7195
149,20201020,4752
121,20201107,4843
127,20210103,5217
133,20210106,6178
138,20210108,4985
117,20210130,7704
124,20210115,5669
125,20201124,5087
138,20200909,6139
120,20201228,8821
125,20201104,8928
139,20210216,4200
109,20200910,3424
119,20201107,3077
138,20201103,5232
124,20210112,5562
129,20201213,8056
135,20201028,4957
128,20210218,6689
137,20210222,2833
119,20201014,6369
134,20201202,8136
142,20201213,7129
117,20210113,6141
138,20201212,7820
137,20201124,5136
135,20200907,5101
129,20210224,4742
137,20210201,5190
124,20201008,4600
131,20210118,7123
119,,5193
124,20201109,7806
133,20201006,8335
133,20210112,9155
130,20201214,3330
131,20210131,5644
112,20201230,3521
135,20201127,5572
126,20210210,3544
147,20201127,9639
130,20201121,8770
127,20201104,6932
120,20200930,8535
137,20201213,8072
121,20200928,4599
103,20210222,8633
128,20210204,7350
119,20200929,6280
121,20201210,7501
126,20201204,6726
130,20201204,6405
128,20200929,4361
110,20201120,5628
118,20201230,3133
123,20201211,7925
103,20210219,6550
127,20210224,7681
118,20210220,3922
126,20210224,4582
108,20201012,9580
125,20201124,7813
125,20200920,6875
119,20201209,5590
113,20200918,5396
130,20200913,5994
116,20201105,9230
115,20210122,4660
124,20210114,3448
138,20201211,9352
152,20200930,4336
133,20210210,3185
122,20201121,2932
115,20201028,2933
121,20201211,8334
126,20201008,7121
138,20201001,5192
123,20201209,9647
137,20201217,6695
113,20201129,3987
121,20201129,3917
113,20210105,5696
127,20201114,9002
135,20210217,9850
121,20201002,4714
130,20210205,3441
116,20201220,5848
144,20210217,5932
105,20201103,3438
131,20201107,8236
115,20210126,3951
143,20200910,6825
115,20200901,9851
123,20210307,3474
120,20210107,7024
117,20210104,6657
134,20201018,2709
128,20201027,9390
124,20201002,8077
97,20201105,6229
116,20200918,4457
137,20201219,6193
129,20200902,6612
117,20201004,7222
126,20201008,4855
135,20201010,3688
105,20201214,3484
124,20201227,5849
116,20200904,6133
133,20201004,7282
130,20200920,7622
114,20201209,6466
127,20200914,2688
122,20210119,6027
129,20200912,9167
146,20201211,2974
129,20201227,7241
127,20201102,6828
125,20210203,5113
111,20201129,8286
117,20201004,8852
138,20201223,9434
120,20200917,8186
147,20201110,7030
136,20200915,6468
137,20210302,9226
120,20210227,6508
116,20201004,4999
138,20201104,8663
135,20201008,2489
107,20201009,8109
105,20201112,5489
119,20201130,9294
124,20210108,6640
140,20201217,8507
139,20201010,7368
115,20210110,4659
137,20200922,4727
131,20201011,3444
103,20201011,3609
113,20200921,3333
127,20201012,7341
132,20200917,5309
123,20200916,6621
134,20201229,7943
106,20210225,9124
130,20210115,5928
126,20201106,5715
140,20210208,2971
123,20210209,2780
128,20210109,8357
149,20210210,6288
132,20210210,7842
124,20200913,4163
109,20201230,2620
110,20200901,7834
139,20210204,7685
124,20201017,9752
124,20201213,4968
112,20210115,8376
118,20210208,9022
130,20210115,6858
122,20201103,3572
142,20201230,4726
122,20200928,4073
122,20201129,5546
135,20210302,6089
115,20210212,7839
96,20201225,3023
142,20201108,9188
131,20201231,8517
136,20201009,2664
140,20201018,8926
125,20201222,3198
122,20201110,6083
126,20210205,4874
118,20201009,4349
118,20201108,9791
108,20210302,8476
128,20200911,2720
116,20210129,6332
151,20201221,4956
134,20210219,5031
135,20200928,3249
128,20210115,8578
125,20201030,7217
130,20210116,2898
121,20201105,6772
118,20201105,6427
126,20210127,5497
147,20200927,2844
121,20210215,5901
123,20210214,6755
130,20200912,7279
122,20201216,5519
113,20210201,3794
134,20210120,9657
122,20210218,8878
147,20210215,3659
135,20210109,5259
119,20201007,6857
121,20201029,3532
127,20200904,6247
117,20201004,7039
143,20200910,5562
119,20201225,8847
120,20201108,7679
140,20201025,3774
110,20201225,2512
117,20201013,3822
141,20201016,4909
123,20210201,3068
132,20201204,5419
104,20201121,8256
125,20210118,9855
156,20201101,6321
137,20201025,9043
122,20200930,6881
117,20210226,6583
144,20210228,3577
140,20201010,7269
121,20201110,6210
131,20210201,3149
125,20201211,6369
153,20201230,8439
114,20201120,8148
125,20201222,3609
119,20201111,3642
133,20201215,4238
125,20200911,3248
124,20210220,9221
113,20201202,4107
130,20210220,6041
135,20210108,8570
108,20210130,4384
122,20210127,8908
127,20201112,4547
126,20210122,9606
118,20201023,8130
128,20201106,8110
134,20210110,5828
129,20201127,8708
139,20201129,9098
136,20200913,5134
122,20210224,6640
108,20201112,2648
128,20201117,4346
136,20200918,8635
112,,4647
132,20210117,9640
117,20200917,3930
142,20201123,4731
140,20201212,5201
114,20201202,8180
152,20200927,3906
118,20210215,8859
125,20200925,3291
119,20200917,9861
125,20200926,3810
108,20210122,9136
119,20201121,9682
140,20201111,5144
127,20201006,8450
137,20210127,7939
125,20201204,4952
117,20201201,2959
126,20201204,9042
134,20201105,5204
136,20201204,4949
105,20201023,2601
113,20201118,7034
130,20201103,3732
113,20210226,2835
112,20201009,5404
138,20210115,8754
128,20210303,7094
145,20210220,3237
126,20201223,7158
117,20200920,5929
133,20201114,4592
117,20210225,6982
130,20200912,3552
138,20210211,4378
120,20201114,4682
120,20210225,7858
132,20201123,7478
119,20201111,6022
126,20200923,4139
136,20210105,8062
111,20201216,7796
112,20210303,9465
131,20201121,3736
120,20210223,5696
122,20200917,6223
113,20201211,5603
134,20200918,9637
109,20201212,9701
129,20210228,7778
104,20201002,4074
136,20200911,6147
135,20201214,4501
124,20201004,6718
119,20200930,3247
124,20201130,6723
141,20201127,5601
145,20201213,9406
103,20201215,6554
127,20210121,8467
103,20201205,5173
128,20201226,8310
137,20200927,7607
151,20201016,2803
111,20201112,6333
129,20200928,5136
125,20210218,4097
113,20201215,7285
135,20201230,6800
115,20210101,8633
130,20210215,5116
113,20201214,4229
117,20201031,8604
146,20201001,4268
119,20201109,8021
125,20201121,3750
150,20201008,8170
139,20201215,9005
135,20210216,7125
132,20210303,6549
127,20200919,8119
135,20210113,5087
146,20201023,6605
114,20200916,7452
146,20210225,6614
112,20210131,5247
108,20201103,9031
143,20210106,7454
118,20200928,2824
138,20201023,9667
131,20210302,3185
126,20200928,8407
153,20201111,9715
137,20200924,6294
127,20210224,9062
130,20201015,4867
113,20210302,7131
114,20201118,3666
128,20201208,8049
127,20210103,8003
132,20201121,4305
124,20200927,4659
120,20210224,5584
141,20201121,3070
129,20200928,4354
134,20201231,9285
117,20210118,3074
109,20201209,2723
139,20200908,2685
123,20200930,9284
132,20201210,5848
124,20201119,4795
144,20201013,6254
150,20201029,7745
129,20210127,3660
105,20201202,6462
141,20210128,9363
112,20201105,2815
113,20210304,6283
129,20210102,5404
125,20201002,9425
148,20210208,4014
114,20210116,8365
128,20210119,9428
133,20210223,3253
120,20201123,3570
133,20201008,9876
114,20201021,5228
114,20210224,8902
140,20201128,7201
123,20200915,2535
121,20200905,5444
124,20210211,4601
144,20201024,9562
147,20210120,6680
137,20201115,2510
130,20210103,4058
121,20200927,9344
137,20201221,9168
129,20201003,5935
123,20200929,8542
113,20201119,3444
97,20201106,4659
131,20201230,9368
113,20200915,3824
145,20210116,2827
120,20201016,4535
138,20201016,4157
136,20210307,4746
131,20201118,9807
123,20210103,3397
129,20201023,8792
118,20200927,8374
115,20200926,5575
96,20201127,9124
121,20201103,7114
124,20200929,6843
120,20210118,5153
126,20210222,8078
113,20201125,5714
132,20210105,9356
126,20201023,9156
138,20200928,7603
136,20201215,5514
112,20201005,2847
134,20201109,7044
126,20201017,4950
129,20210119,5267
113,20200929,7347
123,20201007,9446
135,20201008,9737
124,20201007,7300
114,20201230,4690
126,20201009,5114
103,20201106,8231
126,20201116,4561
133,20210128,8806
127,20201120,6530
119,20201121,7953
134,20201106,8483
128,20210206,2506
114,20201010,4170
125,20201011,3483
118,20201012,9760
135,20210228,6666
132,20200928,6139
110,20201013,8918
134,20210228,6203
127,20210108,5168
142,20201209,3771
131,20200917,4437
118,20210227,8603
128,20201107,3665
143,20201107,5833
129,20201222,6331
136,20201216,5105
120,20200922,6710
126,20210215,8001
114,20201105,8087
136,20201009,6143
134,20210205,8974
122,20201107,4908
121,20200906,3471
114,20201014,7722
124,20201031,8471
134,20210122,4230
108,20201002,7179
158,20201210,3381
108,,4081
127,20201101,5456
135,20201127,9302
122,20210222,4471
112,20201211,4108
141,20200928,9232
120,20201106,8059
139,20200923,9545
121,20201109,5226
131,20201017,2471
147,20201124,7664
117,20210114,3037
104,20201025,7858
113,20210118,8524
120,20201226,6110
131,20201115,5547
114,20200913,6345
102,20210121,3138
132,20201123,4582
122,20201207,3719
125,20201109,6576
117,20200913,3821
136,20210106,7435
120,20201111,5008
133,20210109,5504
133,20210220,6790
135,20210225,8781
127,20210111,5413
123,20201128,8029
125,20201114,8632
131,20210216,6920
123,20210118,5620
131,20200903,5664
133,20200905,6161
133,20201121,5569
130,20210220,6677
112,20210130,3127
117,20201022,6726
134,20201024,5854
115,20201226,9434
116,20201024,3580
137,20201128,9729
122,20201130,8709
126,20201011,4560
122,20201009,9139
122,20201114,3363
129,20200902,8288
118,20201129,4637
149,20201111,9497
135,20201112,7199
119,20210217,4272
126,20210122,6483
133,20201006,9088
125,20201130,7681
107,20201003,7297
112,20200929,5886
145,20201211,7583
110,20201026,6748
125,20210202,8735
111,20201116,9217
142,20210119,9652
124,20210120,4355
138,20200930,4386
125,20210303,9734
122,20201219,5669
137,20210101,3586
129,20210208,5751
132,20200904,4967
118,20210223,2810
132,20210214,5246
107,20210105,8501
141,20201112,9772
125,20201017,6913
113,20201112,6118
129,20200914,7909
125,20210128,9617
126,20200930,8553
114,20201016,9786
120,20201130,4129
147,20201029,9396
121,20201113,6287
141,20201006,8293
144,20200901,4009
116,20200912,4692
129,20201102,6801
124,20201124,3543
117,20201206,7389
134,20210120,9827
131,20201001,4055
122,20200923,2562
106,20201112,5465
128,20201114,6276
107,20201114,7346
125,20201213,9035
130,20201129,4102
137,20210128,6331
145,20201223,8236
136,20201014,6074
106,20210122,9849
103,20210112,8438
97,20210213,3961
139,20201227,3870
122,20201219,2773
128,20201112,5366
126,20201224,3974
122,20201023,6150
105,20210223,3334
152,20201030,8415
110,20200917,7909
134,20210104,6046
106,20210130,3041
126,20210127,3845
125,20200926,4816
130,20201202,7921
124,20201120,6638
131,20210214,7761
119,20201017,9163
121,20201202,8402
133,20210131,8062
127,20201113,5782
117,20201127,4893
137,20201214,7336
140,20201130,5029
112,20201127,6586
138,20201003,8860
139,20201008,8167
124,20201202,7864
105,20201130,3804
130,20201115,4149
132,20201220,4386
123,20201110,3256
132,20210111,4502
119,20201127,9502
147,20201111,7151
108,20210224,7258
130,20201117,6778
117,20200929,9351
124,20201201,6247
125,20201205,6799
139,20210201,3584
136,20210218,8013
137,20201205,9333
116,20201202,9501
142,20201017,2731
117,20201103,8002
136,20201207,5273
140,20210125,8955
141,20201207,9482
138,20201224,4751
123,20201208,8184
126,20201121,9366
145,20200902,8878
138,20201127,4361
114,20201125,3194
121,20210127,6497
129,20210203,7544
112,20201122,6513
123,20201209,2535
123,20201021,9506
124,20200919,3842
123,20210203,9861
130,20201009,4482
132,20210206,3868
124,20201121,7307
139,20201111,5739
141,20201019,8006
134,20200902,8674
126,20210225,8375
136,20210203,4177
130,20201212,5759
103,20210210,3013
110,20201123,9717
136,20200929,8297
117,20201212,6481
122,20201029,7529
145,20201216,8272
136,20210303,8327
127,20201026,9655
97,20201214,4383
119,20210115,6235
123,20201017,7690
127,20210122,8134
131,20201216,4677
104,20201231,5180
131,20200925,5956
121,20210220,9469
125,20201003,3429
102,20201004,3757
127,20210227,7727
133,20201216,7027
114,20201126,8987
130,20201128,6959
121,,5994
114,20200924,3189
118,20201012,7954
118,20201218,2533
136,20210301,2650
128,20210227,9265
137,20200909,3790
97,20201219,9582
117,20201121,8302
147,20201121,6025
140,20201226,3607
121,20201229,8264
120,20210122,7622
124,20210204,3896
121,20201201,7046
128,20201113,6351
117,20201119,8989
123,20210130,5069
133,20210227,8677
124,20210206,4005
126,20200930,7151
122,20210131,3747
126,20210131,2899
139,20210116,6865
126,20201024,3360
147,20201128,5851
131,20201104,2834
120,20201001,3606
132,20210205,2466
127,20210201,3788
118,20201201,4977
113,20210203,5718
115,20210114,6160
131,20210210,4972
145,20210207,7161
113,20201024,5511
134,20201218,3322
135,20201110,6385
125,20210107,2826
122,20201017,6509
134,20210119,3959
128,20210119,7831
124,20201126,9407
138,20201028,3336
147,20201120,5100
134,20210119,7144
119,20210120,6473
122,20210207,2715
114,20210102,5356
132,20201208,6322
102,20200926,7458
139,20210226,7386
115,20210207,4145
130,20201210,9149
120,20210226,7801
114,20201121,5479
127,20201020,6407
124,20210219,3102
127,20210122,7257
133,20201121,7764
127,20210226,4125
118,20210121,5268
133,20200929,7783
136,20201016,7365
132,20201130,8237
130,20201019,6421
110,20201027,7748
115,20200922,4710
108,20201211,4388
133,20201218,5192
126,20201212,4792
131,20210123,8628
135,20210223,6979
130,20201120,9235
114,20201018,8438
127,20210302,6380
126,20201225,5802
145,20210223,8300
122,20210227,7846
106,20210302,5974
134,20201123,8325
119,20210214,8468
125,20210209,3903
116,20201010,6160
136,20200927,9452
125,20200909,2665
107,20201002,2993
130,20210121,5904
122,20210115,8469
121,20201104,7684
111,20201228,8542
110,20201202,9286
120,20200918,4746
124,20201031,4004
108,20210124,8632
120,20210131,5774
118,20201004,4818
123,20210119,2912
124,20210119,6977
118,20201121,7954
122,20210218,7146
118,20210207,9462
137,20201031,5089
122,20210226,6493
142,20201215,7012
122,20201028,9461
130,20210216,7951
127,20200917,9160
118,202012,9186
113,20201213,4491
134,20210213,7120
133,20200919,9431
119,20210225,9731
147,20201126,3512
123,20201129,4148
144,20201010,2874
126,20201121,4448
129,20200904,4974
121,20210112,9691
135,20200909,6821
118,20201222,8928
125,20200910,4438
113,20201128,7046
117,20210126,6483
115,20210107,9803
110,20201213,6266
138,20210102,2974
128,20210121,7225
127,20210208,5971
127,20210227,3789
113,20210210,3360
126,20210222,8792
125,20210221,5894
131,20201102,3090
123,20210227,6920
133,20200907,4614
135,20201104,5280
126,20210117,9571
138,20210106,6749
123,20210226,5564
130,20210220,9510
110,20201229,7891
116,20201224,8900
136,20210110,8821
128,20200902,2576
123,20210207,8043
143,20201220,2692
137,20200910,5846
115,20200928,4108
137,20210112,4621
128,20200915,4584
127,20200916,2974
109,20210205,8882
135,20200901,6894
129,20210120,8600
123,20210213,5451
131,20201108,6951
123,20210116,4489
123,20201212,5523
127,20201210,6829
110,20210206,5887
131,20210212,4149
157,20210206,6273
127,20210124,7559
122,20200904,5479
143,20201225,8947
132,20210218,3009
115,20201220,7454
131,20201107,8386
131,20201130,4550
122,20210119,7436
106,20201214,9311
102,20210208,7582
127,20210215,7765
124,20200917,4638
108,20210127,3785
149,20201013,3013
110,20200906,2636
130,20201204,4505
132,20210224,2758
139,20210207,7484
134,20201120,4320
136,20210104,6301
127,20201219,4088
127,20201008,8913
119,20201220,2886
129,20210117,6674
105,20200908,5830
148,20200906,4989
158,20200908,9331
115,20210217,8406
123,20210217,4336
148,,9035
128,20210217,9862
125,20210301,4315
107,20201107,3839
102,20201119,5794
102,20201030,6331
134,20210216,6923
136,20200903,8664
125,20201024,7720
125,20201126,5623
144,20210104,7581
121,20210219,9594
129,20201015,7593
130,20210121,5012
122,20200918,6118
129,20201225,4065
120,20200910,5242
117,20210301,4317
122,20210210,4340
115,20201228,6322
147,20210219,6847
122,20200911,9294
125,20210219,9620
139,20210225,3896
115,20201220,9577
143,20201014,9099
123,20201110,6256
99,20210227,6969
125,20210131,5351
102,20201213,5301
131,20201113,4396
135,20201223,6691
126,20201017,6559
128,20201025,8680
137,20210114,2559
107,20201104,2806
95,20210115,9519
129,20210221,3888
127,20210222,3051
122,20210224,7048
130,20210119,5914
129,20201202,5685
126,20201221,4660
137,20201210,9124
126,20200909,4329
110,20201110,6642
142,20201207,7156
129,20201125,3094
111,20210131,9834
114,20210227,8459
129,20201029,8265
130,20201019,9624
140,20201016,4741
119,20201212,8070
132,20200913,5071
145,20201108,7109
124,20210227,5810
124,20201102,7985
144,20201225,3331
120,20201126,7959
153,20201105,6732
137,20210121,7705
129,20210225,9576
118,20210225,6998
124,20200926,3202
131,20201228,2718
111,20200924,8167
112,20201003,5318
110,20200914,7144
124,20201231,4070
143,20210104,9045
135,20210117,5176
128,20200912,9672
111,20201015,5805
121,20201014,2908
124,20201212,8586
126,20210223,5801
123,20210223,6220
116,20201019,6771
138,20210226,3836
137,20200921,3509
110,20210225,3549
134,20201114,5028
117,20201120,7395
138,20201012,6358
131,20201004,8177
133,20201230,3090
123,20201211,3419
159,20200929,5469
131,20200908,7178
131,20210227,6452
120,20201015,8366
132,20201121,9616
118,20200902,5134
123,20210213,7355
127,20201221,4208
123,20201202,7320
118,20201006,8001
129,20201113,8628
141,20210302,3284
125,20201208,6533
101,20201021,3525
120,20210201,8190
128,20200922,9869
154,20201227,9136
109,20201012,3053
109,20201023,2457
137,20200912,3735
126,20201121,2525
127,20210114,9769
110,20200928,3410
118,20201009,7838
116,20201215,8733
117,20200923,6282
119,20201223,4229
128,20210224,8335
113,20201019,3287
135,20201112,4884
136,20201121,7730
106,20201106,6112
128,20210223,8193
125,20210302,5761
141,20210129,7013
125,20200913,3087
136,20201113,9765
118,20201025,4041
109,20201025,5248
142,20201107,6519
121,20200911,2997
132,20201228,6014
136,20210301,7674
139,20210117,4864
124,20201026,6838
105,20201221,5796
118,20201209,6055
140,20210227,9713
128,20201024,4669
112,20201023,4305
118,20201026,5385
119,20201026,8114
112,20200909,3042
127,20201221,2612
123,20201113,2667
123,20200925,4193
140,20210114,7184
108,20200908,7572
142,20201005,3797
126,20200927,2695
134,20210217,8416
115,20200916,2968
133,20210227,4667
130,20201016,9384
136,20210224,6135
106,20210224,5523
159,20201108,7693
118,20201118,4787
139,20201231,3102
127,20201031,4739
127,20210226,6757
123,20201130,5555
112,20201205,3962
139,20210228,8284
130,20201004,4238
134,20201018,5830
113,20201128,6945
143,20200928,8026
107,20200929,8013
141,20201108,6567
137,20210130,7003
135,20201016,3126
127,20210120,5056
128,20201030,4224
125,20210127,2968
126,20201030,3857
118,20210225,3592
130,20210129,3708
125,20210122,2991
109,20201103,7851
118,20201106,5950
142,20201214,4932
120,20201215,8788
129,20210118,2783
130,20201204,9764
144,20201110,4255
134,20210216,3978
120,20201101,2555
149,20210301,3152
122,20210106,4248
138,20201114,7884
118,20210108,9698
130,20200916,2806
126,20201231,2593
130,20200920,7366
130,20201102,2551
118,20210218,2843
131,20210302,9485
127,20201231,6827
140,20200924,8833
132,20201104,8603
138,20200929,6055
120,20210302,8289
121,20200904,6378
112,20201229,8579
138,20201108,9618
98,20201103,6072
116,20201006,3602
130,20201108,8320
125,20210111,2457
99,,5939
125,20201127,5770
128,20210113,4430
122,20201001,5625
128,20210220,8241
144,20210128,7042
132,20201025,5648
128,20201002,4925
130,20210301,5496
131,20201213,8848
124,20210108,5849
156,20201203,8806
121,20210302,8160
137,20210129,5466
139,20201104,4065
139,20201123,3948
126,20200906,8009
129,20200928,9467
112,20201122,7513
143,20200929,5317
124,20201223,2894
133,20201222,3283
123,20201126,5275
116,20201112,9664
119,20201105,7673
126,20201116,7801
106,20201223,8809
127,20210204,6046
125,20201213,9426
130,20200920,3712
127,20201003,8580
134,20201112,9756
137,20210125,4459
116,20201201,5411
128,20200902,6928
92,20200906,4324
121,20210211,4353
126,20201018,9359
102,20210115,4626
125,20201011,2607
120,20201013,9665
118,20210201,8775
142,20201214,9700
135,20201029,7431
129,20201120,5879
123,202001,4160
117,20200926,7332
119,20210129,4925
119,20210220,3071
118,20201206,8672
136,20210227,4298
125,20201014,5422
125,20200907,9226
108,20201219,8108
124,20200929,7194
134,20210223,5000
100,20201207,3121
118,20201120,6815
136,20210112,3140
111,20201105,6279
134,20201212,8814
100,20210216,9312
113,20200927,8679
125,20200905,8613
153,20210118,2778
125,20201223,6395
108,20200917,8801
141,20210129,5695
128,20201126,8470
118,20201124,2584
130,20210203,2707
134,20201102,7894
128,20200902,8880
133,20210131,6966
121,20210113,7440
114,20201219,5366
123,20210123,2632
133,20201116,7981
124,20210202,4701
142,20210221,6022
123,20201018,8498
113,20210205,6988
122,20201212,5906
135,20200911,5565
138,20201223,5554
136,20210208,9041
130,20201201,4678
120,20201108,7307
135,20201208,9295
138,20210218,3668
104,20201112,3861
112,20210226,3330
127,20201024,5168
131,20210127,8918
123,20201018,4676
130,20200910,8573
99,20210123,9782
139,20201219,3006
141,20201014,3141
128,20210212,4868
138,20210227,3018
114,20201027,4395
116,20201014,9588
129,20201214,6687
138,20201120,9797
130,20201118,3609
125,20200912,5124
137,20210101,5287
131,20201221,3304
143,20201105,2803
133,20201028,4965
150,20210210,3982
129,20210227,6309
122,20210215,4560
139,20201029,8961
108,20201229,5040
142,20201209,5833
107,20200915,8140
131,20201204,4476
134,20210206,5605
116,20200901,6690
113,20201003,7652
141,20201121,4143
133,20201121,4458
126,20210126,5016
107,20210203,2945
141,20210201,7402
126,20201202,9053
117,20210120,4132
131,20201219,2754
115,20201219,6617
128,20201220,3155
132,20201219,5949
107,20210102,6534
127,20201123,3084
132,20201219,8395
132,20200914,6526
119,20201221,9630
118,20201118,5428
134,20210216,8178
135,20201002,9255
128,20201223,4298
106,20210118,5915
125,20200930,6636
140,20201123,8813
113,20201223,2560
117,20201215,7671
133,20201224,7003
122,20200914,2898
141,20210228,5529
121,20201005,9866
118,20201226,7277
127,20201226,5156
119,20201229,3307
123,20210223,4345
116,20201118,8947
119,20201109,8616
129,20201226,6683
123,20210122,8995
135,20201220,7925
123,20201204,4952
129,20200917,5943
137,20201227,9784
129,20210119,8692
136,20210112,2572
119,20210224,3133
130,20201203,9435
144,20201127,5663
118,20210201,6012
139,20201215,4128
131,20200902,2813
123,20201228,4050
145,20201125,7328
144,20200919,5915
122,20210220,6684
119,20200929,4889
124,20201214,4002
136,20200907,8922
124,20200902,7520
135,20200925,7244
123,20210131,7031
138,20201127,8136
119,20201022,6586
117,20210227,4917
135,20201210,3437
139,20200922,3223
142,20201124,4992
130,20210226,4628
114,20201116,3696
120,20210226,4403
125,20201224,9543
106,20210117,3153
120,20201117,2756
123,20201110,7536
141,20210227,4076
128,20201116,6879
133,20201221,4597
147,20201121,8230
91,20210209,8693
134,20201222,5576
102,,9792
114,20201128,7516
131,20201207,4162
135,20201122,4181
131,20210115,7212
131,20201212,4503
143,20200901,6388
138,20201223,4156
102,20201223,8754
131,20210122,3645
133,20210122,6493
129,20200901,3883
148,20201115,3647
131,20201208,7284
122,20210301,8815
154,20201205,6906
118,20201226,5346
117,20200929,9480
120,20201227,9367
139,20201227,9315
111,20210228,8885
135,20210301,3836
126,20210123,9229
107,20201225,2556
122,20210105,6482
124,20201201,2583
139,20201229,9675
127,20201020,2520
127,20210212,6144
129,20201129,4466
103,20210117,7787
132,20201127,8656
126,20201212,4483
130,20210224,8273
117,20200926,3708
129,20210209,6431
129,20200907,6014
124,20200918,4165
140,20210128,3027
94,20210128,5863
135,20201123,4333
124,20210120,8110
119,20210226,9320
145,20210201,7627
125,20210120,3920
137,20210130,7597
140,20210120,6808
124,20210131,5112
119,20210219,4354
140,20210201,6152
129,20210210,7883
141,20210123,8276
138,20200911,6782
129,20210202,4437
138,20210203,4906
118,20210223,8133
136,20200903,3592
131,20210203,5142
118,20200909,7832
123,20200910,6951
127,20210127,5492
136,20201020,9360
96,20210126,4107
138,20201129,5025
132,20201023,5101
147,20210220,7758
140,20210214,4460
141,20210218,5723
123,20210130,9867
104,20210201,9656
133,20200912,6595
123,20201121,4104
132,20201228,5909
112,20210129,5726
132,20210221,8205
121,20201213,7926
118,20210112,9170
126,20210204,5183
139,20201029,6108
109,20201019,3784
136,20200923,8427
122,20210107,9471
114,20201224,5377
120,20201011,9504
143,20201123,7776
134,20210219,2994
121,20201222,4883
110,20201113,8331
138,20201202,4753
140,20201202,6437
131,2021,5464
131,20201113,8293
133,20201130,8996
124,20201217,7983
127,20201204,4710
141,20210216,9447
133,20201008,9535
118,20210202,8429
138,20201211,8385
139,20201211,8973
157,20201204,7713
138,20210116,7160
143,20210107,7521
132,20201002,5454
137,20201027,9259
137,20210211,4242
133,20210218,2954
130,20201101,7266
138,20201224,9860
118,20201119,5264
122,20201223,6400
118,20201209,4835
141,20210228,4486
115,20201007,5456
132,20201014,4653
118,20200914,8658
118,20210225,3772
120,20201210,8743
135,20201210,6715
154,20210109,6340
137,20210216,8190
130,20201227,6998
123,20201221,3168
124,20210105,9150
123,20201221,6276
162,20201214,9767
128,20201204,3903
140,20201126,2713
126,20201220,6817
136,20201218,8064
121,20201001,9687
131,20200918,9655
104,20210110,6393
125,20201023,4622
134,20210127,6063
120,20201231,9086
127,20201117,4901
105,20201125,9850
105,20201218,5326
123,20201218,3855
125,20210302,9717
133,20210124,3709
108,20210115,5734
129,20200904,4536
131,20201206,5948
120,20210115,2934
134,20201218,9847
127,20201031,4059
128,20201009,6113
111,20210203,6396
114,20201214,8649
132,20201128,8388
147,20200925,5891
121,20210210,9484
127,20201024,5855
153,20201021,9066
140,20201001,6066
114,20201008,2763
129,20201003,2573
108,20201121,9104
123,20201218,7079
138,20201211,7590
133,20210215,9163
132,20200903,5855
120,20200905,8743
111,20200918,5606
130,20201222,6563
123,,6826
127,20210122,7869
142,20201231,4513
131,20201017,5266
124,20201212,8828
113,20201127,7056
119,20201018,7180
119,20201228,4932
126,20201003,8362
131,20210225,9592
119,20201112,2970
128,20201208,8044
117,20210109,4885
97,20210227,4818
125,20201221,6738
154,20201203,8678
109,20210206,4385
107,20210130,9841
127,20201110,4024
135,20201223,5731
116,20210225,5123
140,20201009,7198
142,20201017,7407
129,20210205,5726
121,20201125,6633
119,20210211,8948
124,20201227,7304
110,20201228,9152
113,20210129,4644
142,20210212,8955
142,20200920,8153
129,20201217,5563
104,20201023,2918
129,20201130,5133
125,20201222,7632
105,20210207,3033
122,20201230,4663
144,20210125,3298
110,20210124,4435
112,20201214,3496
127,20201105,7970
134,20201221,8446
118,20201015,9727
127,20200914,4913
117,20201001,9668
121,20200905,5873
130,20201208,6923
126,20200915,8475
110,20201118,4421
129,20200922,4849
125,20210131,5646
129,20200919,6630
127,20200919,8390
115,20201111,4598
143,20200917,9605
124,20210129,5778
132,20210217,9602
124,20201105,5306
128,20210216,5259
105,20201218,8487
125,20200902,9388
123,20201212,3647
113,20201117,3122
130,20210130,5533
116,20201121,6630
129,20201010,4535
148,20200910,9362
135,20200926,6803
125,20201112,9754
126,20210126,7936
129,20201022,5070
122,20201101,7211
119,20200901,2683
152,20201223,4980
126,20200914,6389
115,20200908,9582
126,20201122,4563
118,20210114,4718
133,20210105,3259
106,20200911,5220
130,20200914,8799
130,20200910,8313
107,20210120,6793
135,20201225,8626
141,20201017,4483
114,20210220,9162
108,20201207,9394
118,20210220,6610
130,20200905,2812
137,,8655
134,20201104,9187
152,20210211,6377
131,20200913,5380
132,20201125,4399
132,20210216,5705
126,20200912,8435
130,20201106,8169
137,20210220,4068
116,20200921,5035
118,20210201,9273
113,20201229,3838
128,20201010,9033
120,20201118,9318
116,20201015,6847
123,20201210,6464
135,20200919,8424
104,20201128,5103
130,20210206,6805
139,20201016,2796
136,20210227,8435
124,20201130,6809
129,20201219,8019
122,20201018,5966
124,20201018,8671
133,20201211,7626
110,20201220,8774
123,20210206,8712
127,20201114,3670
117,20201129,5186
122,20200902,6197
128,20210218,9596
132,20210209,7674
120,20210212,9869
115,20200903,2978
124,20201009,9213
134,20201023,4583
133,20201224,6276
135,20210213,5246
116,20201030,5737
128,20210114,3716
110,20210128,7861
135,20210129,8654
118,20201226,6276
121,20201025,3647
131,20201227,3729
150,20201028,4458
123,20210127,4159
142,20201228,8797
130,20200907,4577
117,20201230,7999
106,20210303,6018
132,20201030,8494
125,20200918,9554
137,20200914,9285
129,20210131,9313
117,20210216,5206
131,20201102,8924
106,20201219,8534
125,20200908,8343
121,20210202,5973
124,20210303,5952
128,20210203,5387
112,20201025,9842
126,20210218,6004
133,20200930,6861
113,20201218,8794
144,20210302,3356
116,20201130,5272
115,20210202,3251
135,20201025,4894
128,20201130,4711
116,20210124,2515
129,20210203,4730
138,20201202,9013
129,20201130,9546
125,20200918,6410
116,20201202,6810
112,20201124,3171
145,20210109,6810
126,20210205,5291
136,20210205,3643
115,20201202,6474
125,20210221,7739
144,20210307,5274
111,20210208,7837
135,20201004,7958
143,20201003,8923
126,20210221,6870
137,20201107,6662
123,20201005,3488
111,20201004,9325
119,20201108,4017
144,20201006,6393
136,20201109,9723
129,20210308,4904
131,20201006,9765
128,20201006,6849
123,20201212,5665
126,20210120,5806
125,20201007,6957
134,20201214,8866
124,20201008,7537
126,20201221,5230
127,20201212,2858
133,20201113,4742
114,20201223,5623
115,20201114,2941
125,20201012,7556
125,20201216,6876
101,20201222,4311
133,20201222,6291
125,20201008,3843
112,2020,4500
139,20201012,4275
148,20201223,5638
139,20201223,7376
117,20201216,5484
117,20201013,2480
136,20201118,4846
123,20210220,4259
135,20201218,4854
124,20210302,2858
124,20201224,2773
122,20201121,2860
122,20201118,9014
123,20210223,7828
122,20201224,4649
128,20200929,7695
122,20201226,4303
126,20210222,3732
113,20200916,9603
134,20200916,7246
133,20210304,6351
125,20200917,7854
158,20201227,3315
123,20201123,8336
119,20201122,2956
130,20200916,5073
129,20201125,9296
117,20201127,4819
130,20200919,2465
118,20210224,3312
122,20201128,9546
134,20201129,7496
115,20201129,6395
146,20210306,7971
140,20210306,5646
146,20201128,8994
108,20210226,4444
114,20201130,9476
140,20200918,8800
136,20200922,6117
120,20200921,5761
135,20200930,3960
108,20200921,5672
153,20201105,4954
143,20200913,3880
127,20201107,3574
133,20201107,8091
127,20201108,6384
122,20201006,8296
122,20201106,4627
108,20201002,9690
126,20200920,6741
126,20210227,3766
103,20210306,2860
129,20201110,5109
112,20200921,4195
140,20210227,4818
124,20201113,3275
137,20201113,3372
150,20210308,4215
141,20210304,8570
121,20200927,8379
109,20201115,2804
134,20200925,9003
113,20210308,3558
121,20210302,9539
125,20200926,4151
112,20201217,8990
135,20201128,5388
122,20201118,4323
121,20200921,6190
126,20201117,5260
135,20210227,4336
147,20201120,5119
124,20200922,9853
127,20200922,3941
126,20200924,3443
130,20201006,6641
128,20201121,8542
116,,7922
119,20201228,7330
117,20201121,5852
138,20201009,3088
127,20201010,7645
145,20201122,4013
141,20200915,2509
140,20200926,9743
131,20201125,4182
131,20210217,8578
120,20210104,8663
126,20210301,4051
114,20200928,3850
124,20201008,6410
122,20210210,5234
122,20210210,3089
133,20210210,8153
108,20210209,7911
111,20200928,9208
126,20201025,9551
152,20210212,9381
121,20200929,5756
123,20210213,6688
117,20210213,4854
126,20210303,5232
116,20210213,4335
140,20201121,5346
128,20200930,5305
137,20200904,9199
141,20200930,6529
128,20201209,4223
135,20210305,2477
141,20201001,5119
124,20200906,6188
131,20200906,5430
128,20201127,7117
112,20200908,7442
125,20210217,9528
131,20200909,3982
128,20210307,9634
127,20210102,5133
127,20201003,5367
128,20210103,5383
126,20210308,4825
138,20210105,6556
134,20210105,4052
123,20200911,8188
142,20201217,8677
123,20210109,2989
120,20200912,8417
138,20200917,7723
119,20201211,7806
121,20201006,5083
139,20210221,5263
104,20201005,9134
145,20200922,8186
110,20201014,8274
129,20201010,4358
129,20201010,4320
139,20210119,3440
114,20201017,5528
135,20201012,9359
139,20210125,9567
136,20201017,4014
126,20201011,7201
120,20201011,6137
124,20201016,7484
140,20201213,3157
119,20201020,5738
137,20201023,8200
129,20201024,6017
108,20210216,5683
135,20201026,3947
119,20210226,8590
115,20201127,9119
121,20201026,6057
132,20201211,4354
120,20201205,5208
126,20200925,3491
140,20201026,5871
122,20201031,3326
132,20201101,3100
102,20201101,5353
152,20201215,8249
138,20201121,5648
108,20210124,2559
122,20201103,3768
116,20201104,5304
127,20201104,5012
137,20201013,6495
133,20201029,9208
126,20200930,6852
128,20200905,6518
133,20200919,8953
140,20210225,5412
144,20210130,6697
133,20201231,3371
140,20201005,2919
140,20201015,3546
133,20200911,3481
118,20210115,6005
115,20200930,4699
145,20200930,9347
118,20201003,3172
143,20201127,6037
115,20210305,3576
118,20210225,5786
131,20210305,7594
138,20210306,7562
128,20210305,7472
129,20201107,5144
136,20210306,6612
120,20210306,3020
138,20210306,5191
120,20201107,4637
127,20201007,4808
126,20201121,3390
138,20210306,8718
120,20201111,6054
128,20200929,3744
137,20210225,5148
129,20201115,8930
112,20201005,3019
130,20201115,3380
123,20201118,4803
105,20201118,5834
119,20201119,6915
128,20201104,3814
110,20201013,8584
112,20201121,4719
127,20201120,8168
124,20201215,6735
123,20201014,8171
122,20201013,5227
136,20201120,7983
108,20200916,6049
139,20201015,4598
131,20201114,3608
116,20201016,5998
119,20210221,2825
136,20201123,8457
120,20201127,2943
110,20201017,3632
127,20201020,8556
128,20201127,7848
130,20210228,3739
148,20201022,9478
126,20210202,6167
136,20201230,8752
155,20201122,9760
117,20201109,5595
117,20201130,4202
123,20201130,5159
107,20201027,5311
115,20201028,5018
124,20201028,7214
126,20210212,3279
112,20201029,6076
134,20201029,6088
127,20210106,5334
124,,6972
115,20201120,3583
130,20200910,8102
117,20210220,9018
129,20201104,6096
121,20201009,6201
122,20201006,6575
115,20210227,9036
129,20210226,9075
145,20210223,8073
121,20201127,5403
137,20201201,5241
127,20201205,2621
123,20201030,7541
156,20201206,2988
109,20201127,5338
110,20201030,6473
130,20201207,2905
123,20201205,6215
124,20201010,6448
115,20201209,4324
99,20200929,5760
139,20201117,9749
125,20201210,7042
120,20201207,9571
118,20201209,9237
117,20201207,6854
125,20201228,2462
122,20200911,4424
138,20201119,2513
132,20201021,2833
118,20201205,9321
136,20201213,6674
126,20200921,8090
125,20201118,9712
128,20210208,5371
147,20201001,6415
119,20201215,5723
143,20201215,8930
111,20210215,7717
124,20210216,3996
117,20200919,8198
103,20210117,6191
127,20201022,8291
133,20210301,7544
142,20201224,8759
135,20210212,9040
113,20201125,6991
134,20210203,8130
126,20201230,8252
119,20201219,3339
125,20201220,4545
134,20201219,2867
128,20210104,7597
122,20201213,8324
147,20201213,7888
132,20201221,9693
97,20201221,8412
132,20210220,3056
135,20210118,4291
103,20210118,6945
136,20210117,5762
99,20210211,4956
127,20201223,5730
110,20210228,4210
136,20201226,4503
120,20210225,9458
104,20201227,7758
110,20201227,4949
114,20200923,8753
143,20210210,8442
113,20201226,7895
106,20201228,8370
130,20200906,9072
131,20201228,5606
122,20210126,6764
109,20210120,3527
128,20210113,7420
135,20201223,8179
141,20210204,5308
120,20201210,5449
115,20201031,5828
124,20200911,8110
113,20210207,3167
130,20201205,9469
122,20201218,9724
126,20200919,2517
142,20201107,3744
110,20201229,7448
148,20201128,7957
144,20200904,5415
134,20210115,8923
104,20201219,8751
126,20201222,7722
124,20210205,7445
107,20210101,7349
142,20201126,5811
137,20200925,8429
121,20201228,7675
124,20210130,5710
128,20210224,8655
140,20200922,5745
118,20201020,4671
130,20201027,9327
127,20210301,5377
118,20210226,6685
112,20201120,3958
127,20201114,6132
119,20210221,3884
152,20201115,8254
125,20201102,9456
126,20201018,6523
129,20210216,5113
