Id_tx,clase,valor
6869,COMPRA,3495240.00
4355,COMPRA,475800.00
5416,COMPRA,115775.00
3249,COMPRA,1579898.00
2774,COMPRA,84077.00
3469,AVANCE,800000.00
8161,AVANCE,350000.00
4317,COMPRA,25000.00
7667,AVANCE,800000.00
9637,COMPRA,690.94
4966,COMPRA,50000.00
4581,COMPRA,1199250.00
5013,AVANCE,330000.00
4476,COMPRA,54301.00
4016,AVANCE,800000.00
9264,AVANCE,10000.00
7328,COMPRA,80350.00
8476,COMPRA,21260.00
3175,COMPRA,84290.00
5777,AVANCE,700000.00
6918,COMPRA,1023544.00
7905,COMPRA,1949900.00
6806,COMPRA,765411.00
9227,AVANCE,500000.00
6548,COMPRA,19540.00
2970,COMPRA,70700.00
7358,COMPRA,16100.00
4342,AVANCE,100000.00
4749,COMPRA,54200.00
3059,AVANCE,150000.00
4733,COMPRA,67177.00
5125,AVANCE,80000.00
6965,COMPRA,171800.00
4772,COMPRA,79890.00
9030,COMPRA,114800.00
9110,COMPRA,32900.00
8039,COMPRA,14900.00
5489,AVANCE,50000.00
6441,COMPRA,69900.00
4511,COMPRA,414000.00
6166,COMPRA,158850.00
8705,COMPRA,271200.00
7381,AVANCE,800000.00
8475,COMPRA,3081900.00
8137,COMPRA,8700.00
9709,COMPRA,57800.00
7213,COMPRA,118782.00
3946,AVANCE,300000.00
7385,COMPRA,2599900.00
3713,COMPRA,108979.00
6058,COMPRA,233904.00
9542,COMPRA,81058.00
6657,COMPRA,84995.00
8832,COMPRA,5600.00
7555,COMPRA,67950.00
9478,AVANCE,100000.00
9451,COMPRA,504218.00
5308,COMPRA,188854.00
9758,AVANCE,400000.00
5021,COMPRA,138300.00
5305,AVANCE,500000.00
2491,COMPRA,28757.00
5787,COMPRA,207469.00
3657,AVANCE,200000.00
3836,COMPRA,18800.00
6526,AVANCE,800000.00
6207,COMPRA,104663.00
7748,COMPRA,185590.00
9696,COMPRA,99000.00
7879,COMPRA,1049792.00
5938,COMPRA,366473.00
3832,AVANCE,110000.00
4766,COMPRA,31622.00
4148,COMPRA,325133.00
3512,COMPRA,127402.00
3579,COMPRA,153826.00
6862,AVANCE,20000.00
3403,COMPRA,39900.00
7118,SEGURO,229900.00
7024,COMPRA,517926.00
7920,COMPRA,400000.00
7871,COMPRA,99678.00
3096,COMPRA,70779.00
9007,AVANCE,150000.00
5603,AVANCE,150000.00
8802,AVANCE,41000.00
7061,AVANCE,300000.00
8667,COMPRA,125470.00
9628,COMPRA,640776.00
7658,AVANCE,600000.00
4957,AVANCE,150000.00
5434,COMPRA,30820.00
5756,AVANCE,497000.00
7065,COMPRA,1640000.00
8807,COMPRA,507170.00
7317,AVANCE,800000.00
9333,AVANCE,800000.00
8711,COMPRA,50000.00
9643,AVANCE,430000.00
5938,COMPRA,106194.00
6456,COMPRA,126060.00
2979,COMPRA,108670.00
4508,COMPRA,50000.00
7413,COMPRA,8500.00
4588,AVANCE,600000.00
5017,COMPRA,99218.00
3223,COMPRA,138403.18
9611,COMPRA,2149853.00
5247,AVANCE,400000.00
3693,AVANCE,300000.00
6736,COMPRA,108000.00
6956,COMPRA,1430947.00
4439,COMPRA,399306.00
8566,COMPRA,30000.00
3588,AVANCE,200000.00
4783,COMPRA,392820.00
5206,COMPRA,135240.00
5162,AVANCE,800000.00
5684,COMPRA,150449.44
6207,COMPRA,73000.00
9478,AVANCE,450000.00
3888,COMPRA,69900.00
8144,COMPRA,351135.00
4170,COMPRA,38275.00
3999,COMPRA,2135500.00
7026,COMPRA,16600.00
5543,COMPRA,20000.00
8182,COMPRA,565100.00
9321,COMPRA,189096.00
4685,COMPRA,29100.00
6484,COMPRA,451818.00
2749,COMPRA,30000.00
3365,COMPRA,34789.00
3002,AVANCE,800000.00
5814,AVANCE,800000.00
9729,AVANCE,800000.00
6609,COMPRA,6500.00
7382,COMPRA,151184.00
8870,COMPRA,175900.00
4513,AVANCE,300000.00
9685,COMPRA,2376299.00
4733,AVANCE,800000.00
4741,AVANCE,100000.00
7218,AVANCE,800000.00
7036,COMPRA,240000.00
7834,COMPRA,281928.00
6836,COMPRA,18550.00
4243,COMPRA,3028000.00
8603,COMPRA,163944.00
2755,COMPRA,1285194.00
6269,COMPRA,167309.00
4853,AVANCE,700000.00
3514,AVANCE,100000.00
5273,AVANCE,150000.00
8886,COMPRA,108011.00
3376,COMPRA,331967.00
3207,COMPRA,24900.00
6867,COMPRA,97810.00
8292,AVANCE,300000.00
5278,COMPRA,113935.00
6886,COMPRA,282506.00
9403,AVANCE,70000.00
3562,COMPRA,80000.00
7206,COMPRA,12422.87
9619,COMPRA,214638.00
8022,COMPRA,101015.00
4162,AVANCE,200000.00
7189,AVANCE,800000.00
3941,COMPRA,23400.00
7117,COMPRA,11900.00
6688,AVANCE,800000.00
5136,COMPRA,108940.00
9729,COMPRA,105085.37
6902,COMPRA,78000.00
3563,COMPRA,20436.00
8939,COMPRA,200000.00
9558,COMPRA,66050.00
5254,COMPRA,197000.00
3617,AVANCE,300000.00
4955,COMPRA,49452.00
8145,AVANCE,50000.00
6788,AVANCE,500000.00
7830,COMPRA,2900.00
3212,COMPRA,10000.00
5680,AVANCE,700000.00
6398,COMPRA,305680.00
7355,AVANCE,800000.00
8878,COMPRA,140857.00
3147,AVANCE,200000.00
6927,COMPRA,335600.00
4858,COMPRA,122400.00
5794,COMPRA,50000.00
4823,AVANCE,200000.00
7625,AVANCE,800000.00
3699,COMPRA,266527.00
7886,COMPRA,750421.00
7991,COMPRA,1313526.00
6120,COMPRA,10500.00
5530,AVANCE,800000.00
3782,AVANCE,20000.00
3467,AVANCE,900000.00
5375,COMPRA,130891.00
2993,AVANCE,800000.00
4983,AVANCE,350000.00
4220,COMPRA,450918.00
8420,AVANCE,400000.00
4553,AVANCE,800000.00
2800,COMPRA,60000.00
5709,COMPRA,171162.00
4271,COMPRA,28900.00
4832,AVANCE,800000.00
2859,COMPRA,287200.00
3292,COMPRA,101958.00
9780,AVANCE,800000.00
3523,AVANCE,520000.00
8871,AVANCE,400000.00
5834,COMPRA,107148.00
6321,COMPRA,137000.00
3958,COMPRA,34029.24
4224,COMPRA,365618.00
7781,AVANCE,300000.00
9455,COMPRA,310631.00
6316,COMPRA,70000.00
7454,COMPRA,561458.00
5669,COMPRA,483950.00
4712,AVANCE,600000.00
9465,COMPRA,297105.00
7592,COMPRA,20856.00
3891,AVANCE,800000.00
2789,COMPRA,57150.00
2648,COMPRA,80000.00
9746,AVANCE,350000.00
8831,COMPRA,167310.00
9453,COMPRA,8137.15
7983,COMPRA,1468056.66
8187,COMPRA,427522.00
9469,COMPRA,172642.00
9400,COMPRA,40000.00
4430,COMPRA,1248132.00
9642,COMPRA,1420000.00
6129,AVANCE,300000.00
6059,COMPRA,6100.00
3405,AVANCE,170000.00
3045,COMPRA,36470.00
7281,COMPRA,39502.00
3205,COMPRA,120000.00
3551,AVANCE,600000.00
4415,AVANCE,800000.00
4509,COMPRA,111750.00
3348,AVANCE,800000.00
9777,COMPRA,76000.00
2895,COMPRA,125824.98
8342,COMPRA,186150.00
3123,COMPRA,1446596.00
6668,COMPRA,14900.00
3588,COMPRA,91050.00
4953,COMPRA,1979000.00
4470,COMPRA,26900.00
4971,COMPRA,77990.00
5841,COMPRA,97550.00
4603,COMPRA,154240.00
8456,AVANCE,128000.00
4306,COMPRA,18820.00
7592,COMPRA,507000.00
3651,COMPRA,600323.00
7885,COMPRA,16900.00
4792,COMPRA,69913.00
7719,COMPRA,254119.00
7093,COMPRA,176194.00
8597,COMPRA,27590.00
3749,COMPRA,146785.00
5562,COMPRA,50000.00
4179,COMPRA,94900.00
8239,COMPRA,16300.00
2667,COMPRA,38900.00
4650,COMPRA,259000.00
4208,AVANCE,450000.00
9787,COMPRA,104753.00
3238,COMPRA,54950.00
3572,AVANCE,220000.00
8233,COMPRA,168730.00
6890,COMPRA,
7714,AVANCE,100000.00
6126,COMPRA,127240.00
3148,AVANCE,100000.00
7672,COMPRA,28025.00
2850,COMPRA,305355.00
3549,AVANCE,150000.00
6214,COMPRA,110000.00
3922,COMPRA,65552.00
9858,COMPRA,554070.00
6871,COMPRA,1727700.00
4411,COMPRA,27540.00
3758,AVANCE,800000.00
4329,COMPRA,778000.00
2739,COMPRA,277000.00
9474,COMPRA,134700.00
5839,COMPRA,325131.00
7113,COMPRA,51043.00
2534,AVANCE,600000.00
5827,COMPRA,17150.00
4713,COMPRA,141418.00
5093,COMPRA,1231000.00
7909,AVANCE,500000.00
6110,COMPRA,428830.00
2523,COMPRA,128919.00
2544,COMPRA,715075.00
3106,COMPRA,73584.04
3449,COMPRA,56520.00
4213,COMPRA,301319.00
4780,AVANCE,600000.00
3279,COMPRA,15100.00
2793,COMPRA,1050870.00
3823,COMPRA,59782.00
7521,COMPRA,190500.00
3348,AVANCE,300000.00
4541,COMPRA,23900.00
4258,COMPRA,1700000.00
4190,COMPRA,159408.00
2638,COMPRA,50000.00
3266,COMPRA,62900.00
3929,AVANCE,100000.00
9663,COMPRA,39500.00
5282,COMPRA,55000.00
4660,COMPRA,569900.00
6512,COMPRA,82900.00
5217,COMPRA,28100.00
9424,COMPRA,181930.00
6778,COMPRA,2578843.00
5841,COMPRA,1749900.00
8046,COMPRA,320116.71
6634,COMPRA,227800.00
6182,COMPRA,47930.00
5000,COMPRA,120083.00
2478,AVANCE,400000.00
6667,COMPRA,280000.00
3527,AVANCE,800000.00
3023,COMPRA,484050.00
3066,COMPRA,120009.00
3663,COMPRA,219900.00
5106,COMPRA,50000.00
4044,AVANCE,800000.00
8058,COMPRA,22704.00
9100,COMPRA,60303.00
6404,AVANCE,100000.00
4198,COMPRA,265980.00
7513,SEGURO,67900.00
3326,COMPRA,89951.00
7868,COMPRA,2741841.00
5006,AVANCE,300000.00
9236,COMPRA,1900.00
8654,COMPRA,44704.00
3950,COMPRA,119924.00
6406,COMPRA,183420.00
5179,COMPRA,38820.00
3357,COMPRA,1205502.22
8448,COMPRA,17200.00
9615,COMPRA,14900.00
7235,COMPRA,61500.00
9286,COMPRA,24950.00
5775,COMPRA,110218.00
9498,COMPRA,30000.00
9363,COMPRA,234840.00
5851,COMPRA,446153.00
5077,COMPRA,1067980.00
5855,AVANCE,500000.00
7482,COMPRA,14120.00
4607,COMPRA,109210.00
9433,COMPRA,212920.00
8403,AVANCE,800000.00
6456,AVANCE,400000.00
8609,AVANCE,600000.00
8951,COMPRA,33681.00
6312,COMPRA,797900.00
2841,AVANCE,20000.00
9738,COMPRA,82700.00
6953,COMPRA,140480.04
9212,COMPRA,429702.00
9252,AVANCE,15000.00
6071,COMPRA,105380.00
4663,COMPRA,410230.00
3145,COMPRA,53800.00
9360,COMPRA,8888.00
4843,COMPRA,60990.00
5994,COMPRA,21530.00
8269,COMPRA,23050.00
7243,COMPRA,326000.00
6988,COMPRA,319900.00
6738,COMPRA,43480.00
7481,AVANCE,600000.00
3383,COMPRA,10281.85
8742,COMPRA,33890.00
3179,COMPRA,26600.00
9090,COMPRA,43390.00
5538,AVANCE,800000.00
8013,COMPRA,37600.00
7228,AVANCE,400000.00
6071,COMPRA,25861.00
9761,COMPRA,17642.00
3537,COMPRA,39900.00
3156,COMPRA,3000.00
9732,COMPRA,609900.00
8148,COMPRA,80242.00
5175,COMPRA,201641.00
8088,COMPRA,15261.00
3146,AVANCE,400000.00
6690,COMPRA,150000.00
4571,AVANCE,600000.00
4535,COMPRA,130800.00
2912,AVANCE,200000.00
6972,COMPRA,30000.00
4249,COMPRA,1046880.81
7633,COMPRA,33700.00
2506,COMPRA,99970.00
7036,COMPRA,859.00
4068,AVANCE,130000.00
8818,COMPRA,20295.13
8056,COMPRA,15062.55
7742,COMPRA,111789.00
8838,COMPRA,399331.00
3962,COMPRA,27900.00
8256,COMPRA,44500.00
6482,COMPRA,3425985.00
3082,COMPRA,114012.00
5446,COMPRA,582453.00
4935,COMPRA,167000.00
3470,COMPRA,37900.00
8954,COMPRA,2800.00
5009,COMPRA,242700.00
4843,COMPRA,10000.00
6293,COMPRA,157144.00
8278,COMPRA,300000.00
3249,COMPRA,53408.00
3772,COMPRA,295000.00
4477,COMPRA,98700.00
6560,COMPRA,1187609.00
9081,COMPRA,405700.00
7248,COMPRA,128900.00
9248,COMPRA,2800.00
8635,COMPRA,238800.00
3917,COMPRA,167113.00
5818,COMPRA,56300.00
4484,COMPRA,223000.00
7429,COMPRA,100342.00
4144,COMPRA,4557640.00
9737,COMPRA,597018.55
3755,COMPRA,235547.00
4391,COMPRA,26900.00
8641,AVANCE,120000.00
3015,COMPRA,497300.00
6981,COMPRA,28146.77
6330,COMPRA,424000.00
8875,COMPRA,92000.00
2491,AVANCE,800000.00
3707,COMPRA,26900.00
6357,COMPRA,713559.02
2825,COMPRA,48000.00
8523,COMPRA,118324.00
2972,COMPRA,180000.00
4457,COMPRA,160280.00
3700,COMPRA,63901.00
3527,COMPRA,208390.00
4921,COMPRA,32180.00
8335,COMPRA,416037.00
3621,COMPRA,22900.00
6285,COMPRA,22800.00
8033,AVANCE,70000.00
8519,COMPRA,69800.00
2905,COMPRA,609700.00
4851,COMPRA,69900.00
5787,COMPRA,16900.00
9178,COMPRA,79200.00
7828,AVANCE,600000.00
3333,COMPRA,748800.00
7877,COMPRA,33316.80
4647,COMPRA,39780.00
6518,AVANCE,300000.00
5083,COMPRA,46000.00
6699,COMPRA,87039.00
6576,COMPRA,5000.00
3007,COMPRA,79950.00
3770,COMPRA,987700.00
6473,COMPRA,44000.00
2631,COMPRA,31300.00
5323,COMPRA,366316.96
5652,COMPRA,70000.00
7239,AVANCE,400000.00
8101,COMPRA,16400.00
3241,COMPRA,699900.00
9111,COMPRA,30000.00
3204,COMPRA,160300.00
8521,AVANCE,800000.00
8487,COMPRA,118814.00
7076,COMPRA,67034.00
5483,COMPRA,2348384.00
6141,AVANCE,300000.00
7444,COMPRA,497376.00
5974,COMPRA,79385.00
8678,COMPRA,2800.00
3511,COMPRA,112321.00
9519,AVANCE,100000.00
9334,COMPRA,4427877.00
9313,AVANCE,100000.00
6277,COMPRA,50614.17
2514,COMPRA,139934.00
6444,COMPRA,62600.00
3549,COMPRA,1058100.00
4108,COMPRA,105880.00
9013,COMPRA,679930.00
9256,COMPRA,431226.00
4882,COMPRA,31700.00
4610,AVANCE,800000.00
5018,COMPRA,270279.00
4635,AVANCE,70000.00
5000,COMPRA,90010.00
8859,COMPRA,281794.00
8185,COMPRA,60000.00
6791,COMPRA,3958300.00
6286,AVANCE,100000.00
7529,COMPRA,799995.00
5245,COMPRA,27850.00
4430,COMPRA,22946.42
5084,COMPRA,4440.00
3297,AVANCE,700000.00
4883,COMPRA,109160.00
7859,COMPRA,28450.00
3214,AVANCE,300000.00
2871,COMPRA,60800.00
8550,COMPRA,1199900.00
9093,COMPRA,20400.00
7195,COMPRA,426240.00
4752,COMPRA,139900.00
4843,COMPRA,38300.00
5217,COMPRA,915745.00
6178,AVANCE,200000.00
4985,COMPRA,227430.00
7704,COMPRA,190500.00
5669,COMPRA,70600.00
5087,COMPRA,52201.00
6139,COMPRA,41930.00
8821,COMPRA,33375.27
8928,COMPRA,320850.00
4200,COMPRA,131800.00
3424,COMPRA,20700.00
3077,COMPRA,20.00
5232,COMPRA,183725.00
5562,COMPRA,553905.00
8056,AVANCE,800000.00
4957,COMPRA,1223966.00
6689,COMPRA,121003.00
2833,COMPRA,26900.00
6369,COMPRA,312910.00
8136,COMPRA,18800.00
7129,COMPRA,1709829.00
6141,COMPRA,55744.00
7820,COMPRA,412910.00
5136,COMPRA,38288.00
5101,SEGURO,558957.00
4742,COMPRA,71379.00
5190,COMPRA,69000.00
4600,COMPRA,374925.00
7123,AVANCE,500000.00
5193,AVANCE,800000.00
7806,COMPRA,3000.00
8335,COMPRA,161500.00
9155,COMPRA,23800.00
3330,COMPRA,51300.00
5644,COMPRA,190000.00
3521,COMPRA,151630.00
5572,AVANCE,800000.00
3544,COMPRA,39900.00
9639,COMPRA,16500.00
8770,COMPRA,30500.00
6932,COMPRA,37427.00
8535,AVANCE,800000.00
8072,COMPRA,70700.00
4599,COMPRA,177579.00
8633,AVANCE,200000.00
7350,COMPRA,36978.00
6280,COMPRA,86729.00
7501,COMPRA,35380.00
6726,COMPRA,140000.00
6405,COMPRA,32040.00
4361,AVANCE,200000.00
5628,AVANCE,400000.00
3133,COMPRA,736451.00
7925,COMPRA,74800.00
6550,AVANCE,600000.00
7681,COMPRA,44900.00
3922,COMPRA,116034.00
4582,COMPRA,98100.00
9580,COMPRA,160965.00
7813,COMPRA,27900.00
6875,COMPRA,36500.00
5590,COMPRA,32900.00
5396,COMPRA,45039.00
5994,COMPRA,19800.00
9230,COMPRA,24900.00
4660,COMPRA,80000.00
3448,COMPRA,147977.00
9352,COMPRA,72485.00
4336,AVANCE,100000.00
3185,COMPRA,115641.00
2932,COMPRA,72150.00
2933,COMPRA,13990.00
8334,COMPRA,33880.00
7121,AVANCE,800000.00
5192,COMPRA,92910.00
9647,COMPRA,31210.00
6695,COMPRA,8900.00
3987,COMPRA,1779900.00
3917,COMPRA,69631.00
5696,COMPRA,10308.52
9002,COMPRA,39990.00
9850,COMPRA,155799.00
4714,AVANCE,550000.00
3441,COMPRA,117900.00
5848,COMPRA,2800.00
5932,COMPRA,82571.00
3438,COMPRA,288576.00
8236,COMPRA,26900.00
3951,COMPRA,2800.00
6825,AVANCE,200000.00
9851,COMPRA,164900.00
3474,AVANCE,150000.00
7024,COMPRA,9917.19
6657,COMPRA,23900.00
2709,COMPRA,127237.58
9390,AVANCE,600000.00
8077,COMPRA,1737210.00
6229,AVANCE,800000.00
4457,COMPRA,389900.00
6193,COMPRA,93632.00
6612,COMPRA,11535.00
7222,COMPRA,214130.00
4855,COMPRA,
3688,COMPRA,394850.00
3484,COMPRA,368920.00
5849,COMPRA,28700.00
6133,COMPRA,2199410.00
7282,COMPRA,1904900.00
7622,COMPRA,169040.00
6466,AVANCE,600000.00
2688,COMPRA,172900.00
6027,AVANCE,500000.00
9167,COMPRA,29060.00
2974,COMPRA,59500.00
7241,COMPRA,389270.00
6828,COMPRA,11675.00
5113,COMPRA,288900.00
8286,COMPRA,1998000.00
8852,COMPRA,1425768.00
9434,COMPRA,373200.00
8186,COMPRA,15800.00
7030,COMPRA,86400.00
6468,COMPRA,140.00
9226,COMPRA,1093800.00
6508,COMPRA,200610.00
4999,COMPRA,61400.00
8663,COMPRA,203900.00
2489,COMPRA,27221.00
8109,COMPRA,146716.00
5489,COMPRA,29900.00
9294,AVANCE,400000.00
6640,COMPRA,154929.00
8507,AVANCE,800000.00
7368,COMPRA,14485.00
4659,COMPRA,573824.00
4727,COMPRA,87630.00
3444,COMPRA,39900.00
3609,COMPRA,200000.00
3333,COMPRA,155448.71
7341,AVANCE,741000.00
5309,COMPRA,215900.00
6621,COMPRA,178483.00
7943,COMPRA,200000.00
9124,COMPRA,49900.00
5928,COMPRA,700000.00
5715,AVANCE,60000.00
2971,COMPRA,6650.00
2780,AVANCE,550000.00
8357,COMPRA,100000.00
6288,COMPRA,856840.00
7842,COMPRA,168858.00
4163,COMPRA,82740.00
2620,COMPRA,108156.00
7834,AVANCE,700000.00
7685,COMPRA,23900.00
9752,COMPRA,45010.00
4968,COMPRA,227685.00
8376,COMPRA,14900.00
9022,COMPRA,789949.00
6858,COMPRA,143800.00
3572,COMPRA,36300.00
4726,COMPRA,93602.00
4073,COMPRA,49450.00
5546,COMPRA,50000.00
6089,COMPRA,154324.00
7839,COMPRA,145900.00
3023,COMPRA,53900.00
9188,COMPRA,1631780.00
8517,COMPRA,183108.00
2664,COMPRA,266600.00
8926,AVANCE,200000.00
3198,COMPRA,2004831.00
6083,COMPRA,40838.00
4874,COMPRA,76186.00
4349,AVANCE,700000.00
9791,COMPRA,41549.00
8476,COMPRA,47980.00
2720,AVANCE,800000.00
6332,COMPRA,45064.00
4956,COMPRA,757600.00
5031,AVANCE,500000.00
3249,COMPRA,387390.00
8578,COMPRA,50000.00
7217,COMPRA,359220.00
2898,AVANCE,50000.00
6772,AVANCE,42000.00
6427,AVANCE,300000.00
5497,COMPRA,563672.00
2844,COMPRA,95800.00
5901,AVANCE,400000.00
6755,COMPRA,181910.00
7279,COMPRA,472502.00
5519,COMPRA,136679.00
3794,COMPRA,3045.00
9657,COMPRA,8831.00
8878,COMPRA,53212.00
3659,COMPRA,708900.00
5259,COMPRA,36000.00
6857,COMPRA,234966.00
3532,AVANCE,500000.00
6247,COMPRA,181970.00
7039,COMPRA,1293675.00
5562,COMPRA,1869945.00
8847,COMPRA,2152590.00
7679,COMPRA,3145500.00
3774,COMPRA,35740.00
2512,COMPRA,85430.63
3822,COMPRA,231755.23
4909,COMPRA,136500.00
3068,COMPRA,111162.00
5419,COMPRA,166950.00
8256,COMPRA,260335.00
9855,COMPRA,266254.18
6321,COMPRA,38900.00
9043,COMPRA,100000.00
6881,COMPRA,554185.00
6583,COMPRA,54018.00
3577,COMPRA,49600.00
7269,COMPRA,24990.00
6210,COMPRA,14900.00
3149,COMPRA,2360255.82
6369,COMPRA,396144.00
8439,COMPRA,62369.00
8148,COMPRA,347880.00
3609,COMPRA,2598900.00
3642,COMPRA,487509.00
4238,COMPRA,184400.00
3248,COMPRA,638000.00
9221,COMPRA,59980.00
4107,COMPRA,1406480.00
6041,COMPRA,1998970.00
8570,COMPRA,169647.00
4384,COMPRA,14900.00
8908,COMPRA,699900.00
4547,AVANCE,140000.00
9606,AVANCE,600000.00
8130,COMPRA,35780.00
8110,COMPRA,300000.00
5828,AVANCE,700000.00
8708,COMPRA,200000.00
9098,COMPRA,12900.00
5134,COMPRA,1059900.00
6640,COMPRA,100000.00
2648,COMPRA,123010.00
4346,COMPRA,74970.00
8635,COMPRA,109208.59
4647,COMPRA,788405.00
9640,AVANCE,800000.00
3930,AVANCE,350000.00
4731,COMPRA,62067.00
5201,SEGURO,15900.00
8180,AVANCE,800000.00
3906,AVANCE,800000.00
8859,AVANCE,400000.00
3291,AVANCE,800000.00
9861,COMPRA,499950.00
3810,COMPRA,57900.00
9136,COMPRA,23450.00
9682,COMPRA,12900.00
5144,COMPRA,699900.00
8450,COMPRA,106872.00
7939,COMPRA,41200.00
4952,COMPRA,759600.00
2959,COMPRA,86410.00
9042,COMPRA,41f30
5204,COMPRA,26900.00
4949,COMPRA,323673.00
2601,COMPRA,106350.00
7034,AVANCE,600000.00
3732,COMPRA,215223.00
2835,AVANCE,95000.00
5404,COMPRA,186900.00
8754,COMPRA,50041.00
7094,AVANCE,100000.00
3237,COMPRA,158000.00
7158,AVANCE,400000.00
5929,AVANCE,370000.00
4592,COMPRA,1114402.00
6982,AVANCE,50000.00
3552,COMPRA,170000.00
4378,AVANCE,300000.00
4682,COMPRA,165929.00
7858,COMPRA,79288.00
7478,COMPRA,163000.00
6022,AVANCE,200000.00
4139,AVANCE,500000.00
8062,COMPRA,26400.00
7796,COMPRA,1430947.00
9465,AVANCE,600000.00
3736,COMPRA,3184294.00
5696,COMPRA,3000000.00
6223,COMPRA,399500.00
5603,COMPRA,843514.00
9637,COMPRA,43769.00
9701,COMPRA,850000.00
7778,COMPRA,727944.00
4074,COMPRA,118030.00
6147,COMPRA,537132.68
4501,COMPRA,975939.00
6718,COMPRA,500000.00
3247,COMPRA,548580.00
6723,COMPRA,457907.00
5601,COMPRA,779522.00
9406,COMPRA,40142.00
6554,AVANCE,800000.00
8467,AVANCE,200000.00
5173,AVANCE,600000.00
8310,COMPRA,70000.00
7607,COMPRA,61572.00
2803,COMPRA,174572.00
6333,AVANCE,400000.00
5136,COMPRA,800000.00
4097,AVANCE,800000.00
7285,AVANCE,800000.00
6800,COMPRA,140340.00
8633,COMPRA,68600.00
5116,COMPRA,171159.00
4229,COMPRA,13100.00
8604,COMPRA,100320.00
4268,COMPRA,20600.00
8021,COMPRA,20000.00
3750,COMPRA,187994.00
8170,COMPRA,70720.00
9005,COMPRA,105646.00
7125,AVANCE,300000.00
6549,COMPRA,48261.00
8119,COMPRA,108800.00
5087,COMPRA,29350.00
6605,AVANCE,600000.00
7452,COMPRA,32114.00
6614,COMPRA,1539833.00
5247,COMPRA,110000.00
9031,COMPRA,50000.00
7454,COMPRA,82440.00
2824,COMPRA,1859800.00
9667,COMPRA,255564.00
3185,COMPRA,1949715.00
8407,COMPRA,960672.00
9715,COMPRA,16460.00
6294,COMPRA,193850.00
9062,COMPRA,38751.00
4867,COMPRA,1148304.76
7131,AVANCE,800000.00
3666,AVANCE,250000.00
8049,COMPRA,54300.00
8003,AVANCE,600000.00
4305,COMPRA,124500.00
4659,COMPRA,71540.00
5584,COMPRA,7188000.00
3070,COMPRA,162127.00
4354,COMPRA,245019.00
9285,COMPRA,540900.00
3074,COMPRA,20500.00
2723,COMPRA,35000.00
2685,AVANCE,800000.00
9284,COMPRA,202025.00
5848,AVANCE,800000.00
4795,COMPRA,1208000.00
6254,COMPRA,39150.00
7745,COMPRA,244115.00
3660,COMPRA,1599792.00
6462,COMPRA,193296.00
9363,COMPRA,165811.00
2815,COMPRA,459154.00
6283,COMPRA,276172.00
5404,COMPRA,379900.00
9425,COMPRA,338050.00
4014,COMPRA,68190.00
8365,COMPRA,41231.97
9428,COMPRA,877803.00
3253,COMPRA,104980.00
3570,AVANCE,600000.00
9876,COMPRA,320955.00
5228,AVANCE,600000.00
8902,COMPRA,880323.00
7201,COMPRA,218314.00
2535,COMPRA,1040000.00
5444,COMPRA,37691.00
4601,COMPRA,38900.00
9562,COMPRA,60000.00
6680,COMPRA,272562.00
2510,COMPRA,317487.00
4058,COMPRA,104801.00
9344,COMPRA,108374.00
9168,AVANCE,200000.00
5935,COMPRA,124070.00
8542,COMPRA,120965.00
3444,COMPRA,80950.00
4659,COMPRA,500330.00
9368,COMPRA,35402.00
3824,AVANCE,400000.00
2827,COMPRA,120900.00
4535,COMPRA,1792198.00
4157,COMPRA,89800.00
4746,COMPRA,1300000.00
9807,COMPRA,150000.00
3397,AVANCE,600000.00
8792,COMPRA,260000.00
8374,COMPRA,35380.00
5575,COMPRA,313461.00
9124,COMPRA,1941910.00
7114,COMPRA,19900.00
6843,COMPRA,33500.00
5153,COMPRA,98183.00
8078,COMPRA,98000.00
5714,COMPRA,37000.00
9356,AVANCE,50000.00
9156,COMPRA,951024.00
7603,COMPRA,450982.00
5514,COMPRA,599520.00
2847,COMPRA,
7044,COMPRA,39990.00
4950,COMPRA,692937.00
5267,AVANCE,700000.00
7347,AVANCE,600000.00
9446,COMPRA,1690000.00
9737,AVANCE,250000.00
7300,COMPRA,483950.00
4690,COMPRA,50000.00
5114,COMPRA,40700.00
8231,COMPRA,32900.00
4561,COMPRA,243580.00
8806,COMPRA,25100.00
6530,COMPRA,124724.00
7953,COMPRA,24957.00
8483,COMPRA,74190.00
2506,COMPRA,206700.00
4170,AVANCE,70000.00
3483,COMPRA,279144.00
9760,AVANCE,100000.00
6666,COMPRA,1480278.00
6139,COMPRA,1187609.00
8918,COMPRA,49989.00
6203,COMPRA,126528.00
5168,COMPRA,900000.00
3771,COMPRA,35850.00
4437,COMPRA,88011.00
8603,COMPRA,33930.00
3665,COMPRA,399635.00
5833,COMPRA,2479950.00
6331,COMPRA,80180.00
5105,COMPRA,19900.00
6710,COMPRA,123730.00
8001,AVANCE,100000.00
8087,COMPRA,32400.00
6143,COMPRA,44900.00
8974,COMPRA,1699900.00
4908,COMPRA,50870.00
3471,COMPRA,48467.00
7722,COMPRA,1599200.00
8471,COMPRA,7153.68
4230,AVANCE,600000.00
7179,COMPRA,142155.00
3381,COMPRA,38900.00
4081,COMPRA,946814.00
5456,COMPRA,26900.00
9302,COMPRA,95994.00
4471,COMPRA,51100.00
4108,COMPRA,149000.00
9232,COMPRA,38900.00
8059,AVANCE,50000.00
9545,AVANCE,600000.00
5226,COMPRA,114800.00
2471,AVANCE,150000.00
7664,COMPRA,364800.00
3037,AVANCE,800000.00
7858,COMPRA,62112.00
8524,AVANCE,200000.00
6110,AVANCE,400000.00
5547,AVANCE,400000.00
6345,COMPRA,164600.00
3138,AVANCE,125000.00
4582,AVANCE,800000.00
3719,COMPRA,98750.00
6576,COMPRA,51640.00
3821,COMPRA,37970.00
7435,COMPRA,7724.00
5008,COMPRA,140800.00
5504,AVANCE,400000.00
6790,COMPRA,40800.00
8781,COMPRA,78298.00
5413,COMPRA,373900.00
8029,AVANCE,600000.00
8632,COMPRA,7980.00
6920,COMPRA,774900.00
5620,AVANCE,200000.00
5664,COMPRA,464146.00
6161,COMPRA,129900.00
5569,COMPRA,88177.00
6677,COMPRA,40000.00
3127,COMPRA,55000.00
6726,AVANCE,300000.00
5854,AVANCE,200000.00
9434,COMPRA,63614.00
3580,AVANCE,50000.00
9729,COMPRA,81916.00
8709,COMPRA,38900.00
4560,COMPRA,183555.05
9139,COMPRA,6000.00
3363,COMPRA,63050.00
8288,AVANCE,200000.00
4637,COMPRA,1000000.00
9497,AVANCE,800000.00
7199,AVANCE,230000.00
4272,AVANCE,600000.00
6483,AVANCE,200000.00
9088,COMPRA,119359.00
7681,COMPRA,289105.00
7297,AVANCE,800000.00
5886,COMPRA,156275.00
7583,COMPRA,128520.00
6748,AVANCE,800000.00
8735,AVANCE,600000.00
9217,COMPRA,1436283.00
9652,COMPRA,175000.00
4355,COMPRA,350503.62
4386,COMPRA,233131.00
9734,COMPRA,191840.00
5669,COMPRA,19745.00
3586,AVANCE,100000.00
5751,COMPRA,791897.00
4967,COMPRA,91880.00
2810,COMPRA,52802.00
5246,AVANCE,600000.00
8501,COMPRA,66950.00
9772,COMPRA,50000.00
6913,COMPRA,1371971.00
6118,COMPRA,21000.00
7909,COMPRA,250000.00
9617,COMPRA,29090.00
8553,COMPRA,295068.00
9786,COMPRA,3900.00
4129,COMPRA,174995.00
9396,COMPRA,180030.00
6287,AVANCE,800000.00
8293,AVANCE,183000.00
4009,COMPRA,58794.00
4692,COMPRA,34900.00
6801,COMPRA,215438.00
3543,COMPRA,199601.00
7389,COMPRA,20800.00
9827,COMPRA,409544.00
4055,COMPRA,74565.00
2562,COMPRA,2240000.00
5465,COMPRA,483950.00
6276,COMPRA,189200.00
7346,COMPRA,63000.00
9035,COMPRA,125973.00
4102,COMPRA,44300.00
6331,COMPRA,47000.00
8236,COMPRA,287888.00
6074,COMPRA,24900.00
9849,COMPRA,65499.00
8438,COMPRA,3304985.00
3961,COMPRA,388368.00
3870,COMPRA,678000.00
2773,COMPRA,
5366,AVANCE,200000.00
3974,COMPRA,130060.00
6150,COMPRA,75000.00
3334,COMPRA,
8415,COMPRA,138120.00
7909,COMPRA,111750.00
6046,COMPRA,9850.00
3041,COMPRA,53171.00
3845,AVANCE,400000.00
4816,COMPRA,960000.00
7921,COMPRA,205700.00
6638,AVANCE,800000.00
7761,COMPRA,70000.00
9163,COMPRA,34870.00
8402,COMPRA,1112000.00
8062,AVANCE,300000.00
5782,AVANCE,400000.00
4893,COMPRA,45600.00
7336,AVANCE,600000.00
5029,COMPRA,55210.00
6586,COMPRA,239195.00
8860,COMPRA,1649900.00
8167,AVANCE,400000.00
7864,AVANCE,800000.00
3804,COMPRA,88553.00
4149,AVANCE,600000.00
4386,COMPRA,21150.00
3256,COMPRA,128674.00
4502,COMPRA,82000.00
9502,COMPRA,292681.00
7151,AVANCE,600000.00
7258,COMPRA,1851900.00
6778,AVANCE,250000.00
9351,COMPRA,287350.00
6247,COMPRA,366860.00
6799,COMPRA,49900.00
3584,COMPRA,430560.00
8013,AVANCE,500000.00
9333,COMPRA,649237.00
9501,COMPRA,140010.00
2731,COMPRA,178671.00
8002,COMPRA,1223999.00
5273,COMPRA,117775.00
8955,COMPRA,22030.00
9482,AVANCE,100000.00
4751,COMPRA,100000.00
8184,COMPRA,304208.00
9366,COMPRA,164789.00
8878,COMPRA,807886.00
4361,COMPRA,226120.00
3194,COMPRA,1914780.00
6497,AVANCE,200000.00
7544,COMPRA,1831000.00
6513,COMPRA,49900.00
2535,AVANCE,800000.00
9506,COMPRA,26900.00
3842,COMPRA,2800.00
9861,COMPRA,216162.00
4482,COMPRA,57020.00
3868,AVANCE,100000.00
7307,COMPRA,839496.00
5739,AVANCE,800000.00
8006,COMPRA,26900.00
8674,AVANCE,600000.00
8375,AVANCE,800000.00
4177,AVANCE,100000.00
5759,COMPRA,901502.00
3013,COMPRA,276391.00
9717,COMPRA,2026450.00
8297,COMPRA,46111.00
6481,COMPRA,73663.00
7529,COMPRA,66810.00
8272,COMPRA,200000.00
8327,AVANCE,600000.00
9655,COMPRA,336750.00
4383,COMPRA,77140.00
6235,COMPRA,362426.00
7690,COMPRA,507600.00
8134,COMPRA,77831.00
4677,COMPRA,70930.00
5180,COMPRA,40927.13
5956,COMPRA,854940.00
9469,COMPRA,25171.00
3429,COMPRA,138080.00
3757,AVANCE,100000.00
7727,COMPRA,76401.00
7027,COMPRA,32900.00
8987,COMPRA,168702.00
6959,COMPRA,688947.00
5994,COMPRA,
3189,COMPRA,88701.00
7954,COMPRA,248745.00
2533,AVANCE,800000.00
2650,COMPRA,13800.00
9265,COMPRA,43301.00
3790,COMPRA,658423.41
9582,COMPRA,123050.00
8302,COMPRA,209101.00
6025,COMPRA,929900.00
3607,COMPRA,1359932.00
8264,COMPRA,429698.00
7622,COMPRA,155448.00
3896,COMPRA,764600.00
7046,COMPRA,519486.00
6351,COMPRA,281922.00
8989,COMPRA,1500000.00
5069,AVANCE,400000.00
8677,COMPRA,6000.00
4005,COMPRA,287900.00
7151,COMPRA,65522.00
3747,COMPRA,1370523.00
2899,COMPRA,51862.00
6865,COMPRA,12900.00
3360,COMPRA,49166.68
5851,COMPRA,327964.00
2834,COMPRA,100000.00
3606,COMPRA,22650.00
2466,COMPRA,495900.00
3788,AVANCE,139000.00
4977,COMPRA,294968.00
5718,AVANCE,800000.00
6160,AVANCE,150000.00
4972,COMPRA,100000.00
7161,COMPRA,494910.00
5511,AVANCE,300000.00
3322,COMPRA,268000.00
6385,COMPRA,42100.00
2826,AVANCE,250000.00
6509,COMPRA,797654.00
3959,COMPRA,737900.00
7831,COMPRA,100000.00
9407,COMPRA,1690000.00
3336,AVANCE,600000.00
5100,COMPRA,18384.00
7144,AVANCE,300000.00
6473,COMPRA,49100.00
2715,COMPRA,1448310.00
5356,COMPRA,2049800.00
6322,COMPRA,95009.00
7458,COMPRA,86960.00
7386,COMPRA,81400.00
4145,COMPRA,743148.00
9149,COMPRA,209600.00
7801,COMPRA,
5479,COMPRA,2149900.00
6407,COMPRA,99205.00
3102,COMPRA,158470.00
7257,AVANCE,76000.00
7764,COMPRA,1213690.00
4125,AVANCE,600000.00
5268,AVANCE,150000.00
7783,COMPRA,66220.00
7365,COMPRA,60000.00
8237,COMPRA,150433.00
6421,AVANCE,100000.00
7748,COMPRA,2696878.79
4710,COMPRA,300000.00
4388,COMPRA,237910.00
5192,COMPRA,309380.00
4792,COMPRA,87780.00
8628,COMPRA,1971908.00
6979,COMPRA,88060.00
9235,COMPRA,213647.00
8438,COMPRA,
6380,COMPRA,163889.00
5802,COMPRA,36675.00
8300,COMPRA,19800.00
7846,AVANCE,300000.00
5974,COMPRA,8669.00
8325,COMPRA,388838.00
8468,COMPRA,212821.00
3903,AVANCE,300000.00
6160,COMPRA,2299000.00
9452,COMPRA,163940.00
2665,COMPRA,25302.00
2993,COMPRA,65900.00
5904,COMPRA,56041.00
8469,COMPRA,139041.00
7684,COMPRA,148250.00
8542,AVANCE,600000.00
9286,COMPRA,80410.00
4746,COMPRA,278650.00
4004,COMPRA,23770.00
8632,COMPRA,121389.00
5774,COMPRA,727944.00
4818,COMPRA,146521.00
2912,COMPRA,89988.00
6977,COMPRA,604000.00
7954,COMPRA,1295390.00
7146,AVANCE,400000.00
9462,COMPRA,20000.00
5089,COMPRA,306269.00
6493,COMPRA,22500.00
7012,COMPRA,770000.00
9461,COMPRA,14900.00
7951,COMPRA,145000.00
9160,COMPRA,117150.00
9186,COMPRA,1376282.00
4491,COMPRA,90059.00
7120,COMPRA,4296561.00
9431,COMPRA,1569896.00
9731,AVANCE,600000.00
3512,COMPRA,549960.00
4148,COMPRA,1549900.00
2874,COMPRA,720940.00
4448,COMPRA,1713407.00
4974,COMPRA,646140.00
9691,COMPRA,99800.00
6821,COMPRA,35536.00
8928,AVANCE,800000.00
4438,COMPRA,19003.00
7046,COMPRA,411407.00
6483,COMPRA,3000000.00
9803,COMPRA,34280.00
6266,COMPRA,141240.00
2974,COMPRA,20000.00
7225,COMPRA,372000.00
5971,COMPRA,167870.00
3789,COMPRA,84627.00
3360,AVANCE,400000.00
8792,COMPRA,17000.00
5894,COMPRA,306318.00
3090,AVANCE,400000.00
6920,COMPRA,639900.00
4614,COMPRA,135000.00
5280,COMPRA,60000.00
9571,AVANCE,100000.00
6749,AVANCE,800000.00
5564,COMPRA,48600.00
9510,COMPRA,107920.00
7891,COMPRA,24990.00
8900,AVANCE,200000.00
8821,COMPRA,41800.00
2576,AVANCE,800000.00
8043,COMPRA,46330.00
2692,COMPRA,147400.00
5846,COMPRA,70900.00
4108,COMPRA,89965.00
4621,COMPRA,65318.00
4584,AVANCE,400000.00
2974,COMPRA,191700.00
8882,COMPRA,431664.00
6894,AVANCE,289000.00
8600,AVANCE,50000.00
5451,COMPRA,102620.00
6951,COMPRA,21800.00
4489,COMPRA,209890.00
5523,AVANCE,400000.00
6829,COMPRA,30000.00
5887,COMPRA,40412.00
4149,COMPRA,974333.00
6273,COMPRA,129557.00
7559,COMPRA,453520.00
5479,AVANCE,300000.00
8947,COMPRA,530021.00
3009,COMPRA,50698.00
7454,COMPRA,89900.00
8386,COMPRA,10000.00
4550,COMPRA,349650.00
7436,COMPRA,3500.00
9311,AVANCE,250000.00
7582,COMPRA,44420.00
7765,COMPRA,69454.00
4638,COMPRA,74356.00
3785,COMPRA,184219.00
3013,COMPRA,21084.00
2636,COMPRA,59900.00
4505,AVANCE,400000.00
2758,AVANCE,150000.00
7484,COMPRA,287900.00
4320,COMPRA,75480.00
6301,COMPRA,151992.00
4088,COMPRA,100000.00
8913,COMPRA,11300.00
2886,COMPRA,6512.90
6674,COMPRA,50935.11
5830,COMPRA,3369565.00
4989,COMPRA,769900.00
9331,AVANCE,800000.00
8406,AVANCE,800000.00
4336,COMPRA,53550.00
9035,COMPRA,156051.00
9862,AVANCE,100000.00
4315,COMPRA,43951.00
3839,COMPRA,519704.00
5794,AVANCE,300000.00
6331,COMPRA,131382.90
6923,AVANCE,500000.00
8664,COMPRA,498948.00
7720,COMPRA,113000.00
5623,COMPRA,33340.00
7581,COMPRA,143200.00
9594,COMPRA,161243.00
7593,COMPRA,250000.00
5012,COMPRA,497850.00
6118,COMPRA,350000.00
4065,COMPRA,
5242,AVANCE,300000.00
4317,COMPRA,1719600.00
4340,AVANCE,800000.00
6322,COMPRA,124349.00
6847,COMPRA,509700.00
9294,COMPRA,10900.00
9620,COMPRA,65591.00
3896,COMPRA,332037.00
9577,AVANCE,800000.00
9099,COMPRA,9567.00
6256,AVANCE,800000.00
6969,COMPRA,349871.00
5351,COMPRA,37740.00
5301,COMPRA,98000.00
4396,COMPRA,312219.00
6691,AVANCE,550000.00
6559,COMPRA,124360.00
8680,COMPRA,140032.00
2559,COMPRA,100000.00
2806,AVANCE,800000.00
9519,COMPRA,1272555.00
3888,AVANCE,63000.00
3051,COMPRA,162600.00
7048,COMPRA,250359.00
5914,AVANCE,800000.00
5685,COMPRA,7952039.23
4660,AVANCE,600000.00
9124,COMPRA,66600.00
4329,COMPRA,120900.00
6642,COMPRA,296070.00
7156,COMPRA,160866.90
3094,COMPRA,1299012.00
9834,COMPRA,1396127.00
8459,COMPRA,54160.00
8265,COMPRA,24900.00
9624,AVANCE,200000.00
4741,AVANCE,100000.00
8070,COMPRA,804852.00
5071,COMPRA,47700.00
7109,COMPRA,156092.00
5810,AVANCE,600000.00
7985,AVANCE,300000.00
3331,COMPRA,198980.00
7959,COMPRA,3128664.00
6732,AVANCE,800000.00
7705,COMPRA,139993.00
9576,COMPRA,137124.00
6998,COMPRA,294672.00
3202,AVANCE,800000.00
2718,AVANCE,300000.00
8167,COMPRA,324439.95
5318,COMPRA,849835.00
7144,COMPRA,1650100.00
4070,COMPRA,358063.00
9045,COMPRA,70000.00
5176,AVANCE,350000.00
9672,COMPRA,176000.00
5805,COMPRA,14540.00
2908,AVANCE,100000.00
8586,COMPRA,86610.25
5801,COMPRA,304169.00
6220,AVANCE,800000.00
6771,COMPRA,95192.00
3836,COMPRA,371494.00
3509,COMPRA,363527.00
3549,COMPRA,288593.00
5028,COMPRA,71221.00
7395,COMPRA,58541.00
6358,AVANCE,
8177,COMPRA,1099900.00
3090,COMPRA,86900.00
3419,COMPRA,40000.00
5469,AVANCE,800000.00
7178,AVANCE,300000.00
6452,COMPRA,1799900.00
8366,COMPRA,149995.00
9616,COMPRA,90656.00
5134,AVANCE,600000.00
7355,COMPRA,80000.00
4208,COMPRA,519528.00
7320,COMPRA,325776.00
8001,COMPRA,84750.00
8628,COMPRA,109900.00
3284,COMPRA,85308.00
6533,COMPRA,10414.46
3525,COMPRA,51780.00
8190,AVANCE,400000.00
9869,AVANCE,400000.00
9136,COMPRA,130000.00
3053,COMPRA,39995.00
2457,AVANCE,80000.00
3735,AVANCE,600000.00
2525,COMPRA,338989.00
9769,COMPRA,1399900.00
3410,COMPRA,1328514.00
7838,COMPRA,56000.00
8733,AVANCE,800000.00
6282,COMPRA,30947.00
4229,AVANCE,200000.00
8335,COMPRA,603320.00
3287,AVANCE,800000.00
4884,COMPRA,440000.00
7730,COMPRA,2730252.00
6112,COMPRA,22900.00
8193,COMPRA,75909.00
5761,COMPRA,30000.00
7013,COMPRA,2800.00
3087,COMPRA,30000.00
9765,COMPRA,102513.00
4041,AVANCE,90000.00
5248,COMPRA,232409.00
6519,AVANCE,200000.00
2997,COMPRA,133552.00
6014,COMPRA,110490.00
7674,AVANCE,300000.00
4864,COMPRA,19900.00
6838,COMPRA,21301.00
5796,COMPRA,570000.00
6055,COMPRA,167600.00
9713,COMPRA,1203084.00
4669,AVANCE,100000.00
4305,AVANCE,300000.00
5385,COMPRA,154890.00
8114,COMPRA,82213.00
3042,COMPRA,40165.96
2612,COMPRA,154700.00
2667,COMPRA,141551.00
4193,COMPRA,13100.00
7184,COMPRA,171270.00
7572,AVANCE,50000.00
3797,AVANCE,800000.00
2695,COMPRA,41282.00
8416,COMPRA,73694.00
2968,COMPRA,49990.00
4667,COMPRA,75742.00
9384,AVANCE,800000.00
6135,AVANCE,800000.00
5523,COMPRA,230465.00
7693,COMPRA,300000.00
4787,COMPRA,38802.00
3102,COMPRA,449750.00
4739,COMPRA,63400.00
6757,AVANCE,600000.00
5555,AVANCE,600000.00
3962,COMPRA,185539.00
8284,COMPRA,200000.00
4238,COMPRA,15350.00
5830,COMPRA,135730.00
6945,COMPRA,729270.00
8026,COMPRA,8760.00
8013,COMPRA,58867.00
6567,COMPRA,200000.00
7003,AVANCE,600000.00
3126,COMPRA,56500.00
5056,COMPRA,55088.00
4224,COMPRA,412000.00
2968,COMPRA,706750.00
3857,COMPRA,78379.00
3592,COMPRA,873990.00
3708,COMPRA,258509.00
2991,COMPRA,34000.00
7851,COMPRA,19150.00
5950,COMPRA,195683.00
4932,AVANCE,800000.00
8788,COMPRA,23250.00
2783,COMPRA,408204.00
9764,COMPRA,3549.11
4255,COMPRA,77550.00
3978,COMPRA,160000.00
2555,AVANCE,90000.00
3152,AVANCE,800000.00
4248,COMPRA,194902.00
7884,COMPRA,68994.00
9698,COMPRA,141870.00
2806,COMPRA,849727.00
2593,COMPRA,32900.00
7366,COMPRA,118242.00
2551,AVANCE,640000.00
2843,COMPRA,112426.00
9485,COMPRA,41175.00
6827,COMPRA,59107.00
8833,COMPRA,317300.00
8603,COMPRA,44499.00
6055,COMPRA,703304.00
8289,AVANCE,600000.00
6378,COMPRA,483950.00
8579,AVANCE,300000.00
9618,COMPRA,1748947.00
6072,COMPRA,309273.00
3602,COMPRA,43978.00
8320,COMPRA,94400.00
2457,COMPRA,2826595.00
5939,COMPRA,45493.00
5770,COMPRA,163600.00
4430,COMPRA,337336.00
5625,COMPRA,300623.00
8241,COMPRA,39500.00
7042,COMPRA,84721.00
5648,AVANCE,300000.00
4925,COMPRA,4663947.00
5496,COMPRA,161371.00
8848,COMPRA,77270.00
5849,COMPRA,35800.00
8806,COMPRA,146000.00
8160,AVANCE,30000.00
5466,COMPRA,594915.00
4065,COMPRA,1552410.00
3948,AVANCE,600000.00
8009,COMPRA,123520.00
9467,COMPRA,2309945.00
7513,COMPRA,276640.00
5317,COMPRA,729600.00
2894,COMPRA,232670.00
3283,COMPRA,24900.00
5275,COMPRA,49100.00
9664,COMPRA,
7673,COMPRA,484050.00
7801,COMPRA,34600.00
8809,COMPRA,1727732.00
6046,COMPRA,186150.00
9426,COMPRA,48085.00
3712,COMPRA,40290.00
8580,COMPRA,803450.00
9756,COMPRA,243226.00
4459,COMPRA,1783900.00
5411,AVANCE,400000.00
6928,COMPRA,39000.00
4324,AVANCE,200000.00
4353,COMPRA,24100.00
9359,COMPRA,92400.00
4626,COMPRA,9600.00
2607,COMPRA,200000.00
9665,COMPRA,32900.00
8775,COMPRA,85650.00
9700,COMPRA,38915.00
7431,COMPRA,1374799.00
5879,COMPRA,24900.00
4160,COMPRA,50000.00
7332,COMPRA,1360990.00
4925,COMPRA,400752.00
3071,COMPRA,30000.00
8672,COMPRA,91000.00
4298,COMPRA,82700.00
5422,COMPRA,312570.00
9226,COMPRA,19900.00
8108,COMPRA,69900.00
7194,COMPRA,181095.00
5000,COMPRA,5500.00
3121,COMPRA,530100.00
6815,COMPRA,32980.00
3140,COMPRA,18350.00
6279,COMPRA,651283.00
8814,AVANCE,800000.00
9312,COMPRA,365467.00
8679,COMPRA,70000.00
8613,AVANCE,500000.00
2778,COMPRA,62000.00
6395,COMPRA,148400.00
8801,COMPRA,22400.00
5695,COMPRA,1000.00
8470,AVANCE,
2584,COMPRA,17900.00
2707,COMPRA,74000.00
7894,COMPRA,154874.00
8880,COMPRA,81263.00
6966,COMPRA,660191.00
7440,COMPRA,95903.00
5366,COMPRA,16200.00
2632,COMPRA,39900.00
7981,COMPRA,604271.00
4701,COMPRA,246388.00
6022,COMPRA,168100.00
8498,COMPRA,50000.00
6988,COMPRA,1000.00
5906,COMPRA,26000.00
5565,COMPRA,126390.00
5554,COMPRA,453816.00
9041,AVANCE,600000.00
4678,COMPRA,199900.00
7307,COMPRA,98828.99
9295,COMPRA,21500.00
3668,COMPRA,83054.00
3861,COMPRA,418000.00
3330,AVANCE,200000.00
5168,COMPRA,280400.00
8918,COMPRA,705000.00
4676,AVANCE,600000.00
8573,COMPRA,16900.00
9782,COMPRA,58000.00
3006,COMPRA,261723.00
3141,COMPRA,54995.00
4868,COMPRA,10588.53
3018,COMPRA,8000.00
4395,AVANCE,100000.00
9588,COMPRA,23300.00
6687,COMPRA,69520.00
9797,COMPRA,75040.00
3609,AVANCE,800000.00
5124,COMPRA,64280.00
5287,COMPRA,50000.00
3304,COMPRA,64150.00
2803,AVANCE,800000.00
4965,COMPRA,85000.00
3982,COMPRA,138041.00
6309,COMPRA,182761.00
4560,COMPRA,711140.00
8961,COMPRA,60000.00
5040,COMPRA,43494.00
5833,AVANCE,800000.00
8140,COMPRA,26133.00
4476,AVANCE,400000.00
5605,COMPRA,70000.00
6690,AVANCE,800000.00
7652,COMPRA,136982.00
4143,COMPRA,925598.00
4458,COMPRA,190107.00
5016,COMPRA,329103.00
2945,COMPRA,32900.00
7402,AVANCE,800000.00
9053,AVANCE,1200000.00
4132,COMPRA,70586.00
2754,AVANCE,130000.00
6617,COMPRA,167930.00
3155,COMPRA,1797851.00
5949,AVANCE,800000.00
6534,COMPRA,10000.00
3084,COMPRA,32900.00
8395,AVANCE,400000.00
6526,AVANCE,100000.00
9630,COMPRA,142319.00
5428,COMPRA,105900.00
8178,COMPRA,69856.00
9255,COMPRA,224976.00
4298,COMPRA,336957.00
5915,COMPRA,2949500.00
6636,AVANCE,100000.00
8813,AVANCE,800000.00
2560,AVANCE,300000.00
7671,AVANCE,700000.00
7003,COMPRA,51000.00
2898,AVANCE,800000.00
5529,COMPRA,23491.00
9866,COMPRA,907554.00
7277,COMPRA,559900.00
5156,COMPRA,379900.00
3307,COMPRA,113000.00
4345,COMPRA,74972.00
8947,AVANCE,400000.00
8616,COMPRA,51781.00
6683,COMPRA,95122.00
8995,AVANCE,160000.00
7925,COMPRA,280010.00
4952,COMPRA,50364.00
5943,COMPRA,42570.00
9784,COMPRA,77000.00
8692,COMPRA,166386.00
2572,COMPRA,40584.00
3133,COMPRA,144281.00
9435,AVANCE,400000.00
5663,AVANCE,400000.00
6012,COMPRA,40500.00
4128,COMPRA,102159.00
2813,COMPRA,60900.00
4050,COMPRA,32900.00
7328,COMPRA,127963.00
5915,COMPRA,665550.00
6684,COMPRA,475938.00
4889,COMPRA,958498.00
4002,COMPRA,87150.00
8922,AVANCE,200000.00
7520,COMPRA,21900.00
7244,COMPRA,61100.00
7031,COMPRA,22600.00
8136,COMPRA,362606.00
6586,AVANCE,800000.00
4917,COMPRA,594880.00
3437,COMPRA,17500.00
3223,AVANCE,300000.00
4992,COMPRA,177485.00
4628,COMPRA,156927.00
3696,AVANCE,600000.00
4403,COMPRA,305919.00
9543,COMPRA,800000.00
3153,COMPRA,139026.00
2756,AVANCE,50000.00
7536,AVANCE,800000.00
4076,COMPRA,238860.00
6879,COMPRA,
4597,COMPRA,560267.00
8230,COMPRA,218403.00
8693,AVANCE,500000.00
5576,AVANCE,
9792,COMPRA,91300.00
7516,COMPRA,2380102.00
4162,COMPRA,64870.00
4181,COMPRA,210718.00
7212,COMPRA,35051.00
4503,COMPRA,358146.00
6388,COMPRA,210537.00
4156,AVANCE,318000.00
8754,COMPRA,492341.00
3645,AVANCE,800000.00
6493,AVANCE,300000.00
3883,COMPRA,599900.00
3647,COMPRA,12700.00
7284,COMPRA,93280.00
8815,AVANCE,300000.00
6906,COMPRA,52927.00
5346,COMPRA,624950.00
9480,AVANCE,180000.00
9367,COMPRA,148770.00
9315,COMPRA,424800.00
8885,COMPRA,142101.00
3836,COMPRA,394700.00
9229,COMPRA,247353.00
2556,COMPRA,136386.00
6482,AVANCE,900000.00
2583,COMPRA,94160.00
9675,COMPRA,199990.00
2520,COMPRA,880000.00
6144,AVANCE,100000.00
4466,COMPRA,1796235.00
7787,COMPRA,43222.00
8656,COMPRA,233203.00
4483,COMPRA,124773.00
8273,COMPRA,844952.00
3708,COMPRA,490000.00
6431,COMPRA,41108.00
6014,AVANCE,300000.00
4165,COMPRA,58016.00
3027,COMPRA,81622.00
5863,COMPRA,1100000.00
4333,AVANCE,300000.00
8110,COMPRA,443210.00
9320,COMPRA,88900.00
7627,AVANCE,500000.00
3920,COMPRA,338493.00
7597,COMPRA,50830.00
6808,AVANCE,240000.00
5112,COMPRA,424991.00
4354,COMPRA,49000.00
6152,AVANCE,400000.00
7883,AVANCE,600000.00
8276,COMPRA,78167.00
6782,COMPRA,785600.00
4437,AVANCE,800000.00
4906,AVANCE,150000.00
8133,COMPRA,68300.00
3592,COMPRA,57180.00
5142,AVANCE,240000.00
7832,COMPRA,36500.00
6951,COMPRA,1075194.00
5492,AVANCE,100000.00
9360,AVANCE,436500.00
4107,COMPRA,34931.29
5025,COMPRA,113750.00
5101,AVANCE,800000.00
7758,AVANCE,400000.00
4460,COMPRA,78511.00
5723,COMPRA,117402.00
9867,COMPRA,1580160.00
9656,COMPRA,253502.55
6595,COMPRA,1650000.00
4104,COMPRA,388076.00
5909,AVANCE,200000.00
5726,COMPRA,174953.00
8205,COMPRA,1563800.00
7926,COMPRA,78880.00
9170,AVANCE,180000.00
5183,,800000.00
6108,COMPRA,57800.00
3784,AVANCE,800000.00
8427,COMPRA,76030.00
9471,COMPRA,839215.00
5377,COMPRA,141210.00
9504,COMPRA,188816.00
7776,COMPRA,16500.00
2994,AVANCE,300000.00
4883,COMPRA,100000.00
8331,COMPRA,
4753,COMPRA,534000.00
6437,AVANCE,450000.00
5464,COMPRA,384550.00
8293,AVANCE,400000.00
8996,AVANCE,300000.00
7983,COMPRA,55930.00
4710,AVANCE,100000.00
9447,COMPRA,340000.00
9535,COMPRA,37234.00
8429,COMPRA,6395.00
8385,COMPRA,1400000.00
8973,AVANCE,400000.00
7713,AVANCE,600000.00
7160,COMPRA,40002.00
7521,COMPRA,192600.00
5454,COMPRA,243890.00
9259,COMPRA,52990.00
4242,AVANCE,600000.00
2954,COMPRA,52141.00
7266,COMPRA,1077993.00
9860,COMPRA,37760.00
5264,COMPRA,25000.00
6400,COMPRA,412575.00
4835,COMPRA,27140.00
4486,COMPRA,55602.00
5456,COMPRA,77000.00
4653,COMPRA,150000.00
8658,COMPRA,229800.00
3772,COMPRA,184018.00
8743,AVANCE,800000.00
6715,COMPRA,27950.00
6340,COMPRA,419471.00
8190,COMPRA,20000.00
6998,COMPRA,64191.00
3168,,34200.00
9150,COMPRA,56489.00
6276,COMPRA,95000.00
9767,COMPRA,450240.00
3903,COMPRA,69050.00
2713,COMPRA,275000.00
6817,COMPRA,89900.00
8064,COMPRA,382125.00
9687,COMPRA,286820.00
9655,COMPRA,28900.00
6393,COMPRA,199150.00
4622,COMPRA,51130.00
6063,AVANCE,800000.00
9086,COMPRA,21706.00
4901,AVANCE,800000.00
9850,COMPRA,190675.00
5326,COMPRA,443323.00
3855,AVANCE,700000.00
9717,COMPRA,217736.00
3709,AVANCE,600000.00
5734,COMPRA,330000.00
4536,COMPRA,406890.00
5948,COMPRA,83820.00
2934,COMPRA,39520.00
9847,AVANCE,90000.00
4059,AVANCE,800000.00
6113,COMPRA,27381.00
6396,COMPRA,970705.00
8649,COMPRA,222350.00
8388,COMPRA,32900.00
5891,COMPRA,476400.00
9484,COMPRA,1600000.00
5855,COMPRA,551494.00
9066,COMPRA,30000.00
6066,COMPRA,102940.00
2763,COMPRA,117800.00
2573,COMPRA,2800.00
9104,COMPRA,26900.00
7079,AVANCE,600000.00
7590,COMPRA,123686.00
9163,COMPRA,415.00
5855,COMPRA,111480.00
8743,COMPRA,19900.00
5606,COMPRA,729900.00
6563,COMPRA,60620.00
6826,COMPRA,159920.00
7869,AVANCE,400000.00
4513,AVANCE,100000.00
5266,COMPRA,48800.00
8828,COMPRA,263156.00
7056,COMPRA,1145900.00
7180,COMPRA,699855.00
4932,COMPRA,122350.00
8362,COMPRA,111868.00
9592,COMPRA,529600.00
2970,AVANCE,220000.00
8044,COMPRA,7087.00
4885,COMPRA,433707.00
4818,COMPRA,259900.00
6738,AVANCE,800000.00
8678,COMPRA,31990.00
4385,COMPRA,1376237.88
9841,AVANCE,200000.00
4024,COMPRA,1099900.00
5731,COMPRA,1063000.00
5123,COMPRA,299800.00
7198,COMPRA,705700.00
7407,COMPRA,6500.00
5726,COMPRA,38700.00
6633,AVANCE,600000.00
8948,COMPRA,171256.00
7304,COMPRA,73600.00
9152,AVANCE,300000.00
4644,COMPRA,527204.00
8955,COMPRA,71360.00
8153,COMPRA,15000.00
5563,COMPRA,
2918,COMPRA,121410.00
5133,COMPRA,369900.00
7632,COMPRA,197060.00
3033,COMPRA,24920.00
4663,COMPRA,143430.00
3298,AVANCE,600000.00
4435,COMPRA,225550.00
3496,COMPRA,119800.00
7970,AVANCE,300000.00
8446,COMPRA,36590.00
9727,COMPRA,649900.00
4913,COMPRA,96877.00
9668,COMPRA,68581.00
5873,COMPRA,115118.00
6923,COMPRA,18400.00
8475,COMPRA,34120.00
4421,AVANCE,600000.00
4849,COMPRA,110000.00
5646,COMPRA,
6630,COMPRA,2414160.00
8390,AVANCE,300000.00
4598,COMPRA,115668.00
9605,AVANCE,800000.00
5778,COMPRA,108305.00
9602,COMPRA,138641.00
5306,AVANCE,400000.00
5259,AVANCE,160000.00
8487,COMPRA,32000.00
9388,COMPRA,14900.00
3647,AVANCE,400000.00
3122,COMPRA,347938.00
5533,COMPRA,97980.00
6630,COMPRA,434430.00
4535,COMPRA,125330.00
9362,AVANCE,600000.00
6803,COMPRA,43500.00
9754,COMPRA,50000.00
7936,COMPRA,2000000.00
5070,AVANCE,250000.00
7211,COMPRA,77286.00
2683,COMPRA,270000.00
4980,COMPRA,48860.00
6389,COMPRA,
9582,COMPRA,193720.00
4563,COMPRA,77700.00
4718,COMPRA,240400.00
3259,COMPRA,24400.00
5220,COMPRA,63087.00
8799,AVANCE,800000.00
8313,AVANCE,800000.00
6793,AVANCE,300000.00
8626,COMPRA,270000.00
4483,COMPRA,92436.00
9162,COMPRA,1300000.00
9394,COMPRA,484300.00
6610,COMPRA,556096.00
2812,COMPRA,223721.00
8655,AVANCE,200000.00
9187,COMPRA,11060.00
6377,COMPRA,32900.00
5380,AVANCE,200000.00
4399,COMPRA,14600.00
5705,COMPRA,48450.00
8435,AVANCE,100000.00
8169,COMPRA,12965.00
4068,COMPRA,3549000.00
5035,COMPRA,570904.00
9273,COMPRA,1124900.00
3838,COMPRA,32130.00
9033,AVANCE,800000.00
9318,COMPRA,74500.00
6847,COMPRA,49890.00
6464,COMPRA,119000.00
8424,COMPRA,1101942.00
5103,AVANCE,100000.00
6805,COMPRA,900900.00
2796,COMPRA,1120941.00
8435,AVANCE,200000.00
6809,COMPRA,28000.00
8019,COMPRA,214639.00
5966,COMPRA,93600.00
8671,COMPRA,171996.00
7626,AVANCE,600000.00
8774,COMPRA,179360.00
8712,AVANCE,150000.00
3670,COMPRA,200000.00
5186,COMPRA,60000.00
6197,COMPRA,172618.00
9596,COMPRA,143300.00
7674,AVANCE,580000.00
9869,AVANCE,50000.00
2978,AVANCE,100000.00
9213,COMPRA,106995.00
4583,AVANCE,300000.00
6276,COMPRA,139883.00
5246,COMPRA,123080.00
5737,COMPRA,107400.00
3716,COMPRA,1429800.00
7861,AVANCE,270000.00
8654,COMPRA,15621.00
6276,AVANCE,800000.00
3647,COMPRA,1812699.00
3729,COMPRA,249900.00
4458,AVANCE,400000.00
4159,COMPRA,220290.00
8797,COMPRA,147650.00
4577,AVANCE,500000.00
7999,COMPRA,291950.00
6018,COMPRA,480599.00
8494,COMPRA,1855350.00
9554,COMPRA,521820.00
9285,COMPRA,939900.00
9313,COMPRA,141000.00
5206,COMPRA,2030850.00
8924,COMPRA,1283775.00
8534,COMPRA,362938.00
8343,COMPRA,1218800.00
5973,AVANCE,425000.00
5952,COMPRA,54900.00
5387,COMPRA,1108734.00
9842,COMPRA,723000.00
6004,COMPRA,40000.00
6861,COMPRA,238260.00
8794,AVANCE,600000.00
3356,COMPRA,284500.00
5272,AVANCE,800000.00
3251,COMPRA,70872.00
4894,COMPRA,131400.00
4711,COMPRA,77942.00
2515,COMPRA,163562.00
4730,COMPRA,142893.00
9013,AVANCE,200000.00
9546,COMPRA,148037.00
6410,AVANCE,60000.00
6810,COMPRA,618746.00
3171,COMPRA,
6810,COMPRA,53210.00
5291,AVANCE,800000.00
3643,AVANCE,600000.00
6474,AVANCE,720000.00
7739,COMPRA,679900.00
5274,COMPRA,701100.00
7837,COMPRA,27665.00
7958,COMPRA,1371903.00
8923,COMPRA,19440.00
6870,COMPRA,26400.00
6662,COMPRA,7520.00
3488,COMPRA,35285.00
9325,COMPRA,28780.00
4017,COMPRA,304864.00
6393,COMPRA,245426.00
9723,COMPRA,2295820.00
4904,COMPRA,43051.00
9765,COMPRA,26200.00
6849,COMPRA,273587.00
5665,COMPRA,67850.00
5806,COMPRA,
6957,COMPRA,89000.00
8866,AVANCE,100000.00
7537,COMPRA,66850.00
5230,AVANCE,600000.00
2858,COMPRA,35994.00
4742,AVANCE,300000.00
5623,AVANCE,800000.00
2941,AVANCE,200000.00
7556,COMPRA,59900.00
6876,COMPRA,154800.00
4311,AVANCE,800000.00
6291,COMPRA,71800.00
3843,COMPRA,900000.00
4500,COMPRA,11280.00
4275,COMPRA,86483.00
5638,COMPRA,110000.00
7376,COMPRA,31328.00
5484,COMPRA,29899.00
2480,COMPRA,5760000.00
4846,COMPRA,87780.00
4259,COMPRA,277900.00
4854,COMPRA,450700.00
2858,COMPRA,136800.00
2773,COMPRA,228979.00
2860,COMPRA,9130.00
9014,AVANCE,50000.00
7828,AVANCE,200000.00
4649,AVANCE,200000.00
7695,COMPRA,75000.00
4303,COMPRA,120290.00
3732,COMPRA,1258900.00
9603,COMPRA,292500.00
7246,COMPRA,380380.00
6351,COMPRA,66549.00
7854,COMPRA,50000.00
3315,COMPRA,200472.00
8336,COMPRA,153894.00
2956,COMPRA,109930.00
5073,COMPRA,119850.00
9296,COMPRA,296800.00
4819,COMPRA,244874.00
2465,AVANCE,100000.00
3312,COMPRA,631473.00
9546,COMPRA,47994.00
7496,COMPRA,18040.00
6395,AVANCE,600000.00
7971,COMPRA,84102.00
5646,COMPRA,160019.00
8994,COMPRA,79900.00
4444,AVANCE,200000.00
9476,COMPRA,84241.00
8800,AVANCE,500000.00
6117,AVANCE,350000.00
5761,COMPRA,86622.00
3960,COMPRA,609928.00
5672,COMPRA,128377.00
4954,COMPRA,175750.00
3880,COMPRA,90015.00
3574,COMPRA,174787.00
8091,COMPRA,2526950.00
6384,COMPRA,50000.00
8296,COMPRA,649935.00
4627,AVANCE,800000.00
9690,COMPRA,97684.00
6741,COMPRA,
3766,COMPRA,4359623.00
2860,COMPRA,20680.00
5109,COMPRA,6350.00
4195,AVANCE,120000.00
4818,COMPRA,158323.00
3275,COMPRA,167720.00
3372,COMPRA,179984.00
4215,COMPRA,76190.00
8570,AVANCE,600000.00
8379,COMPRA,299135.00
2804,COMPRA,32900.00
9003,COMPRA,147470.00
3558,COMPRA,112850.00
9539,COMPRA,10970.00
4151,COMPRA,3_8383
8990,COMPRA,93280.00
5388,COMPRA,387381.00
4323,AVANCE,500000.00
6190,COMPRA,178460.00
5260,COMPRA,33580.00
4336,SEGURO,248163.00
5119,COMPRA,271240.00
9853,AVANCE,750000.00
3941,COMPRA,11643.00
3443,AVANCE,110000.00
6641,AVANCE,90000.00
8542,COMPRA,43233.00
7922,AVANCE,4000'00
7330,COMPRA,47020.00
5852,COMPRA,112740.00
3088,COMPRA,11650.00
7645,AVANCE,400000.00
4013,COMPRA,644132.00
2509,COMPRA,10500.00
9743,AVANCE,800000.00
4182,COMPRA,109409.00
8578,AVANCE,400000.00
8663,AVANCE,400000.00
4051,AVANCE,400000.00
3850,,160380.00
6410,COMPRA,672011.00
5234,AVANCE,100000.00
3089,AVANCE,50000.00
8153,AVANCE,500000.00
7911,AVANCE,800000.00
9208,COMPRA,82495.00
9551,COMPRA,18900.00
9381,COMPRA,112807.00
5756,COMPRA,112150.00
6688,COMPRA,499900.00
4854,COMPRA,109900.00
5232,COMPRA,101950.00
4335,COMPRA,47413.00
5346,COMPRA,3433500.00
5305,COMPRA,754200.00
9199,COMPRA,483950.00
6529,COMPRA,31139.00
4223,COMPRA,759953.00
2477,AVANCE,350000.00
5119,COMPRA,124960.00
6188,COMPRA,1212981.00
5430,COMPRA,858850.00
7117,COMPRA,208238.00
7442,COMPRA,193500.00
9528,AVANCE,200000.00
3982,AVANCE,500000.00
9634,COMPRA,75000.00
5133,AVANCE,800000.00
5367,AVANCE,300000.00
5383,COMPRA,551930.00
4825,COMPRA,149995.00
6556,AVANCE,
4052,AVANCE,300000.00
8188,COMPRA,61493.00
8677,AVANCE,300000.00
2989,COMPRA,186630.00
8417,AVANCE,600000.00
7723,COMPRA,243834.00
7806,COMPRA,111000.00
5083,COMPRA,550000.00
5263,COMPRA,299900.00
9134,COMPRA,100000.00
8186,COMPRA,43150.00
8274,COMPRA,179009.00
4358,COMPRA,97230.00
4320,AVANCE,100000.00
3440,COMPRA,95000.00
5528,AVANCE,650000.00
9359,COMPRA,26700.00
9567,COMPRA,229922.00
4014,COMPRA,447120.00
7201,COMPRA,159000.00
6137,COMPRA,182021.00
7484,COMPRA,279805.00
3157,AVANCE,200000.00
5738,COMPRA,1000000.00
8200,COMPRA,289085.00
6017,COMPRA,140000.00
5683,AVANCE,800000.00
3947,COMPRA,139850.00
8590,COMPRA,12321.00
9119,COMPRA,499120.00
6057,COMPRA,58672.00
4354,COMPRA,123201.00
5208,COMPRA,65000.00
3491,COMPRA,26000.00
5871,AVANCE,150000.00
3326,COMPRA,26570.00
3100,AVANCE,800000.00
5353,COMPRA,41280.00
8249,COMPRA,25650.00
5648,AVANCE,150000.00
2559,COMPRA,50000.00
3768,COMPRA,212850.00
5304,COMPRA,98450.00
5012,AVANCE,120000.00
6495,COMPRA,167638.00
9208,COMPRA,16900.00
6852,COMPRA,630427.00
6518,COMPRA,10680.00
8953,COMPRA,44855.00
5412,AVANCE,600000.00
6697,COMPRA,267915.00
3371,COMPRA,261800.00
2919,COMPRA,97860.00
3546,COMPRA,23940.00
3481,COMPRA,66731.00
6005,AVANCE,100000.00
4699,COMPRA,892476.00
9347,COMPRA,1899900.00
3172,COMPRA,2399900.00
6037,COMPRA,419760.00
3576,AVANCE,300000.00
5786,COMPRA,83895.00
7594,COMPRA,823500.00
7562,COMPRA,31562.00
7472,AVANCE,800000.00
5144,AVANCE,300000.00
6612,AVANCE,10000.00
3020,COMPRA,1600900.00
5191,COMPRA,717824.00
4637,COMPRA,300000.00
4808,COMPRA,140997.00
3390,COMPRA,86215.00
8718,COMPRA,264940.00
6054,AVANCE,200000.00
3744,COMPRA,211066.00
5148,COMPRA,535631.00
8930,COMPRA,260657.00
3019,AVANCE,500000.00
3380,AVANCE,400000.00
4803,AVANCE,250000.00
5834,COMPRA,153920.00
6915,COMPRA,79220.00
3814,COMPRA,32900.00
8584,COMPRA,29528.00
4719,,400000.00
8168,AVANCE,800000.00
6735,COMPRA,949900.00
8171,COMPRA,54650.00
5227,COMPRA,25620.00
7983,AVANCE,170000.00
6049,COMPRA,291860.00
4598,SEGURO,209020.00
3608,COMPRA,263473.00
5998,COMPRA,444535.00
2825,COMPRA,1399000.00
8457,AVANCE,800000.00
2943,AVANCE,800000.00
3632,COMPRA,227010.00
8556,COMPRA,282893.00
7848,COMPRA,179994.00
3739,COMPRA,5091933.00
9478,COMPRA,999900.00
6167,COMPRA,21220.00
8752,AVANCE,600000.00
9760,COMPRA,132897.00
5595,AVANCE,50000.00
4202,COMPRA,1664964.00
5159,COMPRA,681938.00
5311,COMPRA,53680.00
5018,AVANCE,800000.00
7214,AVANCE,240000.00
3279,COMPRA,38800.00
6076,COMPRA,59950.00
6088,COMPRA,57314.00
5334,COMPRA,170000.00
6972,COMPRA,111713.00
3583,AVANCE,800000.00
8102,AVANCE,500000.00
9018,COMPRA,70900.00
6096,AVANCE,50000.00
6201,AVANCE,200000.00
6575,AVANCE,330000.00
9036,COMPRA,7647.00
9075,COMPRA,1065607.00
8073,AVANCE,800000.00
5403,COMPRA,1599900.00
5241,COMPRA,102527.00
2621,AVANCE,210000.00
7541,COMPRA,32800.00
2988,COMPRA,499900.00
5338,COMPRA,2891591.00
6473,COMPRA,324315.00
2905,AVANCE,260000.00
6215,AVANCE,800000.00
6448,COMPRA,56000.00
4324,AVANCE,200000.00
5760,COMPRA,180000.00
9749,COMPRA,93900.00
7042,AVANCE,700000.00
9571,COMPRA,90346.00
9237,AVANCE,120000.00
6854,COMPRA,24990.00
2462,AVANCE,800000.00
4424,COMPRA,15500.00
2513,COMPRA,152944.00
2833,COMPRA,599900.00
9321,COMPRA,179940.00
6674,COMPRA,459766.00
8090,AVANCE,120000.00
9712,COMPRA,22500.00
5371,COMPRA,83500.00
6415,COMPRA,188982.00
5723,COMPRA,300000.00
8930,AVANCE,100000.00
7717,COMPRA,1600000.00
3996,COMPRA,215348.00
8198,COMPRA,679900.00
6191,COMPRA,33300.00
8291,AVANCE,50000.00
7544,COMPRA,34277.63
8759,COMPRA,277700.00
9040,COMPRA,139035.00
6991,COMPRA,24900.00
8130,COMPRA,1500647.00
8252,COMPRA,18870.00
3339,COMPRA,200000.00
4545,COMPRA,799900.00
2867,AVANCE,800000.00
7597,AVANCE,800000.00
8324,COMPRA,20390.00
7888,COMPRA,37700.00
9693,COMPRA,66977.00
8412,AVANCE,50000.00
3056,AVANCE,300000.00
4291,AVANCE,500000.00
6945,COMPRA,174245.00
5762,AVANCE,100000.00
4956,COMPRA,15000.00
5730,COMPRA,165337.00
4210,AVANCE,100000.00
4503,COMPRA,116125.00
9458,COMPRA,189972.00
7758,AVANCE,800000.00
4949,COMPRA,
8753,COMPRA,30000.00
8442,COMPRA,1000000.00
7895,COMPRA,2149800.00
8370,AVANCE,500000.00
9072,AVANCE,100000.00
5606,AVANCE,800000.00
6764,COMPRA,172277.00
3527,COMPRA,212910.00
7420,COMPRA,20930.00
8179,COMPRA,20030.00
5308,COMPRA,75000.00
5449,COMPRA,29700.00
5828,AVANCE,400000.00
8110,COMPRA,760000.00
3167,COMPRA,124600.00
9469,COMPRA,28500.00
9724,COMPRA,37500.00
2517,COMPRA,429380.00
3744,AVANCE,600000.00
7448,COMPRA,90177.00
7957,AVANCE,600000.00
5415,COMPRA,192079.00
8923,COMPRA,409552.00
8751,COMPRA,129500.00
7722,COMPRA,206947.00
7445,COMPRA,386550.00
7349,COMPRA,60038.00
5811,COMPRA,30950.00
8429,COMPRA,605040.00
7675,COMPRA,218175.00
5710,COMPRA,840256.00
8655,COMPRA,79104.00
5745,COMPRA,
4671,COMPRA,3000000.00
9327,COMPRA,295653.00
5377,COMPRA,131000.00
6685,COMPRA,85475.00
3958,COMPRA,72930.00
6132,,161568.00
3884,COMPRA,68500.00
8254,COMPRA,218350.00
9456,COMPRA,247089.00
6523,COMPRA,51000.00
5113,COMPRA,156000.00
